word_id,word,meaning_zh,source_category,part_of_speech,cefr_level,cefr_candidate_level,cefr_source,frequency_rank,frequency_source,initial_difficulty,difficulty_source,score_rationale,example_en,example_zh,confidence,review_status,source_file,source_line
8fdd8fc2d0cd8d35,cost,價值,elementary_middle,noun,,A2,CEFR-J vocabulary profile 1.5 (lemma/POS proxy; not sense-aligned),,,35,ai_initial:gpt-6-luna,"“Cost” usually means the price or expense, which does not clearly match the supplied sense “價值.”",,,low,review_required,C:\Users\123\OneDrive\桌面\單字庫\國小國中英文單字.md,231
170aa68970b44e89,backward(s),向後地,elementary_middle,adverb,,,,,,20,ai_initial:gpt-6-luna,"The Chinese sense is clear, but the supplied form “backward(s)” is not a natural exact spelling to use in an example sentence.",,,low,review_required,C:\Users\123\OneDrive\桌面\單字庫\國小國中英文單字.md,1264
e41f9ec3db1b9471,evil,惡魔,elementary_middle,noun,,B2,CEFR-J vocabulary profile 1.5 (lemma/POS proxy; not sense-aligned),,,75,ai_initial:gpt-6-luna,"“Evil” usually means wickedness or something morally bad, not specifically “惡魔”; the supplied sense is uncertain.",,,low,review_required,C:\Users\123\OneDrive\桌面\單字庫\國小國中英文單字.md,1484
f441373a78ec7aeb,forward(s),向前,elementary_middle,adverb,,,,,,20,ai_initial:gpt-6-luna,"The sense is clear, but the supplied headword includes parentheses, so an exact-spelling example would not be natural English.",,,low,review_required,C:\Users\123\OneDrive\桌面\單字庫\國小國中英文單字.md,1527
aa534440cac9ff63,principal,原則,elementary_middle,nounthesuppliedsensecorrespondsto“principle/”not“principal”,,,,,,50,ai_initial:gpt-6-luna,“Principal” does not ordinarily mean 原則; the intended word or sense is unclear.,,,low,review_required,C:\Users\123\OneDrive\桌面\單字庫\國小國中英文單字.md,1782
d7cf389f01d81e48,revise,改變,elementary_middle,verb,,B1,CEFR-J vocabulary profile 1.5 (lemma/POS proxy; not sense-aligned),,,45,ai_initial:gpt-6-luna,A common verb meaning to change or adjust something; moderately familiar to general English learners.,,,high,review_required,C:\Users\123\OneDrive\桌面\單字庫\國小國中英文單字.md,1835
33423f3864304f48,settle,解決,elementary_middle,verb,,B1,CEFR-J vocabulary profile 1.5 (lemma/POS proxy; not sense-aligned),,,50,ai_initial:gpt-6-luna,"A common verb, though its sense “resolve” is one of several meanings learners may need to distinguish.",,,high,review_required,C:\Users\123\OneDrive\桌面\單字庫\國小國中英文單字.md,1873
bbdfe628cb2f4107,affiliate,加上,TOEIC,verb,,,,,,60,ai_initial:gpt-6-luna,"“Affiliate” usually means to associate with or make part of an organization, not simply “加上”; the intended sense is unclear.",,,low,review_required,C:\Users\123\OneDrive\桌面\單字庫\多益550單字.md,27
944fbbfb0ca91afd,alcoholic,酒精,TOEIC,adjective,,,,,,45,ai_initial:gpt-6-luna,"“Alcoholic” usually means containing or relating to alcohol, not the substance “alcohol” itself, so the supplied Chinese sense is unclear.",,,low,review_required,C:\Users\123\OneDrive\桌面\單字庫\多益550單字.md,35
30ad4e040c4d33e4,become/to be consumed with,被~吞噬,TOEIC,verbphrase,,,,,,65,ai_initial:gpt-6-luna,The figurative phrase is less common and describes an emotion overwhelming someone.,,,high,review_required,C:\Users\123\OneDrive\桌面\單字庫\多益550單字.md,78
17ab63b1ce95125e,bring sth. to life,使~更生動,TOEIC,verbphrase,,,,,,40,ai_initial:gpt-6-luna,"A common, fairly transparent idiom, though its figurative sense may take some learning.",,,high,review_required,C:\Users\123\OneDrive\桌面\單字庫\多益550單字.md,102
351c0c2ed3a7e326,chemical,化學,TOEIC,形容詞／名詞,,,,,,50,ai_initial:gpt-6-luna,「chemical」通常是形容詞「化學的」或名詞「化學品」；提供的「化學」未能明確對應其常見詞義。,,,low,review_required,C:\Users\123\OneDrive\桌面\單字庫\多益550單字.md,128
3bba12fcc818193f,chip,切開,TOEIC,verb,,B2,CEFR-J vocabulary profile 1.5 (lemma/POS proxy; not sense-aligned),,,55,ai_initial:gpt-6-luna,"“Chip” can mean to break or cut a small piece off, but “切開” does not clearly specify that sense.",,,low,review_required,C:\Users\123\OneDrive\桌面\單字庫\多益550單字.md,131
7648aefeca1bd3bf,dare,果敢,TOEIC,,,B1,CEFR-J vocabulary profile 1.5 (lemma/POS proxy; not sense-aligned),,,50,ai_initial:gpt-6-luna,"“果敢” describes boldness, but the supplied headword “dare” does not clearly express that sense as a standard part of speech.",,,low,review_required,C:\Users\123\OneDrive\桌面\單字庫\多益550單字.md,209
966dc987b5ff8549,electrician,零工,TOEIC,noun,,B2,CEFR-J vocabulary profile 1.5 (lemma/POS proxy; not sense-aligned),,,55,ai_initial:gpt-6-luna,"“Electrician” means a person who installs or repairs electrical equipment, not “零工”; the supplied sense does not match.",,,low,review_required,C:\Users\123\OneDrive\桌面\單字庫\多益550單字.md,274
7665c556dacf2a30,emergencyу,緊急,TOEIC,adjective,,,,,,50,ai_initial:gpt-6-luna,"The supplied headword appears malformed, so its part of speech and intended sense cannot be confirmed confidently.",,,low,review_required,C:\Users\123\OneDrive\桌面\單字庫\多益550單字.md,278
59b83bb5eaeda4a1,enjoyable,和藹可親的,TOEIC,adjective,,B1,CEFR-J vocabulary profile 1.5 (lemma/POS proxy; not sense-aligned),,,50,ai_initial:gpt-6-luna,"“Enjoyable” means pleasant or giving pleasure, not “和藹可親的”; the supplied sense does not align.",,,low,review_required,C:\Users\123\OneDrive\桌面\單字庫\多益550單字.md,290
614774664190a2bf,feast for sb./sth.,盛宴,TOEIC,noun,,,,,,45,ai_initial:gpt-6-luna,"“Feast” meaning a large, special meal is moderately familiar to English learners.",,,high,review_required,C:\Users\123\OneDrive\桌面\單字庫\多益550單字.md,329
eae737a9e8f796bd,flavor,喜好的,TOEIC,unclear,,,,,,60,ai_initial:gpt-6-luna,The supplied Chinese sense “喜好的” does not clearly match a sense of “flavor.”,,,low,review_required,C:\Users\123\OneDrive\桌面\單字庫\多益550單字.md,339
b9c72f243f302032,give away,拋棄,TOEIC,phrasalverb,,,,,,55,ai_initial:gpt-6-luna,“Give away” usually means donate or transfer to someone; its match to “拋棄” is uncertain.,,,low,review_required,C:\Users\123\OneDrive\桌面\單字庫\多益550單字.md,377
5fa001e67b814384,hang your hat,告訴你一個號外,TOEIC,phrase,,,,,,50,ai_initial:gpt-6-luna,"“Hang your hat” does not clearly express the supplied Chinese meaning, so the sense needs review.",,,low,review_required,C:\Users\123\OneDrive\桌面\單字庫\多益550單字.md,402
92b59e551425db67,hook sb. in,拉攏~,TOEIC,phrasalverb,,,,,,60,ai_initial:gpt-6-luna,This informal phrasal verb uses a figurative meaning: to attract or persuade someone to join or get involved.,,,medium,review_required,C:\Users\123\OneDrive\桌面\單字庫\多益550單字.md,417
7b97cdc29c2f7661,inn,店面,TOEIC,noun,,,,,,50,ai_initial:gpt-6-luna,"“Inn” means a small hotel or lodging place, not “店面” (storefront/shop premises).",,,low,review_required,C:\Users\123\OneDrive\桌面\單字庫\多益550單字.md,446
0cf51da141825096,let sb. in on sth.,告訴~有關~,TOEIC,phrasalverb,,,,,,60,ai_initial:gpt-6-luna,The informal idiom uses a figurative sense of “let in” and is less transparent than a basic verb.,,,high,review_required,C:\Users\123\OneDrive\桌面\單字庫\多益550單字.md,472
e7046938e3609245,literary,文章,TOEIC,adjective,,B1,CEFR-J vocabulary profile 1.5 (lemma/POS proxy; not sense-aligned),,,60,ai_initial:gpt-6-luna,"The Chinese gloss “文章” does not clearly match the adjective “literary,” so the intended sense is uncertain.",,,low,review_required,C:\Users\123\OneDrive\桌面\單字庫\多益550單字.md,487
74588671081fe491,manage,管理,TOEIC,verb,,A2,CEFR-J vocabulary profile 1.5 (lemma/POS proxy; not sense-aligned),,,35,ai_initial:gpt-6-luna,"A common verb with a familiar management sense, though it has several other meanings.",,,high,review_required,C:\Users\123\OneDrive\桌面\單字庫\多益550單字.md,500
b1349fa7983b9cc1,musical,音樂,TOEIC,adjectiveornoun,,,,,,35,ai_initial:gpt-6-luna,"“Musical” usually means “related to music” as an adjective, or a stage work as a noun; the supplied Chinese “音樂” does not clearly identify either sense.",,,low,review_required,C:\Users\123\OneDrive\桌面\單字庫\多益550單字.md,527
cd99fcdb21bf3b0e,poke fun at/of,嘲笑,TOEIC,verbphrase,,,,,,45,ai_initial:gpt-6-luna,"This idiom means to mock or make jokes about someone, and may be less familiar than its individual words.",,,high,review_required,C:\Users\123\OneDrive\桌面\單字庫\多益550單字.md,587
7122077ad35df712,put sth. into motion,發動~,TOEIC,verbphrase,,,,,,55,ai_initial:gpt-6-luna,"The words are common, but understanding the phrase as initiating or starting something requires recognizing its figurative meaning.",,,high,review_required,C:\Users\123\OneDrive\桌面\單字庫\多益550單字.md,634
8278368351d65583,reasonalbe,合理,TOEIC,adjective,,,,,,35,ai_initial:gpt-6-luna,"The headword appears to be a misspelling of “reasonable,” meaning 合理; the supplied spelling cannot be used naturally in a faithful example.",,,low,review_required,C:\Users\123\OneDrive\桌面\單字庫\多益550單字.md,642
0f91de5485cac0b4,sprinkle,潑灑,TOEIC,verb,,,,,,35,ai_initial:gpt-6-luna,常見動詞；表示把液體少量、分散地灑在某處。,,,high,review_required,C:\Users\123\OneDrive\桌面\單字庫\多益550單字.md,739
66f62f24e1697e58,the departed,離去,TOEIC,nounphrase,,,,,,65,ai_initial:gpt-6-luna,"“The departed” commonly refers to people who have died, while 離去 does not clarify whether that specific sense is intended.",,,low,review_required,C:\Users\123\OneDrive\桌面\單字庫\多益550單字.md,771
b773bdc0862009e7,tide,湖水,TOEIC,noun,,B1,CEFR-J vocabulary profile 1.5 (lemma/POS proxy; not sense-aligned),,,55,ai_initial:gpt-6-luna,"“Tide” usually means 潮汐, not 湖水, so the supplied sense does not match the headword.",,,low,review_required,C:\Users\123\OneDrive\桌面\單字庫\多益550單字.md,773
21ec98c689cab567,tune in,在調,TOEIC,phrasalverb,,,,,,55,ai_initial:gpt-6-luna,「在調」不足以確定 tune in 的指定中文語義。,,,low,review_required,C:\Users\123\OneDrive\桌面\單字庫\多益550單字.md,794
a0976dfd3f7ff2cd,aspire,嚮往；懷有抱負,TOEFL,verb,,B2,CEFR-J vocabulary profile 1.5 (lemma/POS proxy; not sense-aligned),,,55,ai_initial:gpt-6-luna,A moderately advanced verb used to express a strong ambition or desire to achieve something.,,,high,review_required,C:\Users\123\OneDrive\桌面\單字庫\托福1300單字.md,113
bfc22b4f56cfcb6c,consume,消耗；吃；消費,TOEFL,verb,,B1,CEFR-J vocabulary profile 1.5 (lemma/POS proxy; not sense-aligned),,,35,ai_initial:gpt-6-luna,"A fairly common verb with several related everyday senses, though it is less basic than “use” or “eat.”",,,high,review_required,C:\Users\123\OneDrive\桌面\單字庫\托福1300單字.md,290
5d75e650381af902,depict,描繪；描述,TOEFL,verb,,,,,,60,ai_initial:gpt-6-luna,"A moderately uncommon verb meaning to represent or describe something, often visually.",,,high,review_required,C:\Users\123\OneDrive\桌面\單字庫\托福1300單字.md,372
ae25a1993a275292,enlist,徵募；獲得(協助),TOEFL,verb,,,,,,60,ai_initial:gpt-6-luna,“Enlist” meaning to obtain help is less common and more formal than everyday alternatives such as “get help.”,,,high,review_required,C:\Users\123\OneDrive\桌面\單字庫\托福1300單字.md,480
3be98a65ab98dbe5,in the pink,健康的；喝醉酒的,TOEFL,idiom,,,,,,65,ai_initial:gpt-6-luna,"“In the pink” commonly means in good health; the supplied “drunk” sense does not fit the idiom, so the intended sense needs review.",,,low,review_required,C:\Users\123\OneDrive\桌面\單字庫\托福1300單字.md,688
07ae855e4ea3a641,intervene,介入；干預；調停,TOEFL,verb,,,,,,60,ai_initial:gpt-6-luna,"A moderately advanced verb, often used in formal contexts to mean stepping in to influence or settle a situation.",,,high,review_required,C:\Users\123\OneDrive\桌面\單字庫\托福1300單字.md,761
6836263e9a0ee5ec,inundate,淹沒；使如洪水般湧入,TOEFL,verb,,,,,,75,ai_initial:gpt-6-luna,An uncommon verb used for flooding or for something arriving in overwhelming quantities.,,,high,review_required,C:\Users\123\OneDrive\桌面\單字庫\托福1300單字.md,767
3000db1d5e35ae70,perplex,令人感到困惑的,TOEFL,adjective,,,,,,55,ai_initial:gpt-6-luna,"The Chinese sense means “causing confusion,” but perplex is ordinarily a verb; the matching adjective is perplexing.",,,low,review_required,C:\Users\123\OneDrive\桌面\單字庫\托福1300單字.md,1015
4aefc5ab7ef7aacc,precipitate,加速促成；引發,TOEFL,verb,,,,,,75,ai_initial:gpt-6-luna,A relatively uncommon formal verb meaning to cause an event or situation to happen.,,,high,review_required,C:\Users\123\OneDrive\桌面\單字庫\托福1300單字.md,1056
d2a3b18f0bfc8884,abusive (to),辱駡的；譭謗的；惡語的,IELTS,adjective,,,,,,55,ai_initial:gpt-6-luna,"The insulting or verbally hostile sense is clear, though less common than basic descriptions of behavior.",,,high,review_required,C:\Users\123\OneDrive\桌面\單字庫\雅思單字.txt,51
160ca996e3840667,abut,鄰接；毗連；緊靠,IELTS,verb,,,,,,75,ai_initial:gpt-6-luna,A relatively uncommon verb meaning to border or lie directly next to something.,,,high,review_required,C:\Users\123\OneDrive\桌面\單字庫\雅思單字.txt,52
af16c961935b291f,accede (to),同意，應允,IELTS,verb,,,,,,75,ai_initial:gpt-6-luna,"“Accede to” is a formal, relatively uncommon way to say that someone agrees to a request.",,,high,review_required,C:\Users\123\OneDrive\桌面\單字庫\雅思單字.txt,57
8a7d5dc6fd501974,accept,接受；收受；領受、接受（提議或邀請）；同意、（對…滿意而）接受，接納；歡迎、相信；（認為真實而）接受,IELTS,verb,,A2,CEFR-J vocabulary profile 1.5 (lemma/POS proxy; not sense-aligned),,,35,ai_initial:gpt-6-luna,"A common verb with several related senses, including receiving something and agreeing to an offer or invitation.",,,high,review_required,C:\Users\123\OneDrive\桌面\單字庫\雅思單字.txt,59
249d5299faf42d5b,actuate,開動，啟動；激勵，驅使,IELTS,verb,,,,,,75,ai_initial:gpt-6-luna,"A relatively uncommon, formal verb, often used for causing a device or mechanism to operate.",,,high,review_required,C:\Users\123\OneDrive\桌面\單字庫\雅思單字.txt,109
efdf39e550e9fa7e,adduce,引證，舉出（理由、證據等）,IELTS,verb,,,,,,85,ai_initial:gpt-6-luna,"A formal, relatively uncommon verb meaning to cite or present reasons or evidence.",,,high,review_required,C:\Users\123\OneDrive\桌面\單字庫\雅思單字.txt,115
b20079f5c24c986f,adjudge,（尤指正式地）判決，宣判，裁決；認為,IELTS,verb,,,,,,80,ai_initial:gpt-6-luna,A formal and relatively uncommon verb meaning to judge or officially declare someone or something to be a certain way.,,,high,review_required,C:\Users\123\OneDrive\桌面\單字庫\雅思單字.txt,123
5c4e62d63c62e666,admonish,告誡；警告；責備、力勸，忠告,IELTS,verb,,,,,,70,ai_initial:gpt-6-luna,"A relatively formal, less common verb meaning to warn or reprimand someone.",,,high,review_required,C:\Users\123\OneDrive\桌面\單字庫\雅思單字.txt,130
bf436e285fed00e3,adoration (of),愛慕；熱愛；傾慕,IELTS,noun,,,,,,65,ai_initial:gpt-6-luna,An abstract noun for deep love or admiration; less common and less basic than everyday words such as “love.”,,,high,review_required,C:\Users\123\OneDrive\桌面\單字庫\雅思單字.txt,133
29f6a52ad3f6dde4,adulterate (with),（在飲食中）摻雜，摻假,IELTS,verb,,,,,,70,ai_initial:gpt-6-luna,"A relatively uncommon, formal verb for deliberately mixing an inferior or unwanted substance into food or drink.",,,high,review_required,C:\Users\123\OneDrive\桌面\單字庫\雅思單字.txt,136
245989932fa5ad28,adumbrate,（尤指對未來的事情）概括說明，勾畫輪廓,IELTS,verb,,,,,,90,ai_initial:gpt-6-luna,"A rare, formal verb meaning to outline something briefly, especially something planned for the future.",,,high,review_required,C:\Users\123\OneDrive\桌面\單字庫\雅思單字.txt,137
e7e181ce9c7cbdd7,allude (to),影射，暗指；間接提到,IELTS,verb,,,,,,60,ai_initial:gpt-6-luna,“Allude to” is a moderately advanced verb for referring to something indirectly.,,,high,review_required,C:\Users\123\OneDrive\桌面\單字庫\雅思單字.txt,207
56bfffe02ce6ab9e,anemic=anaemic,貧血的，患貧血症的、沒有活力的，無精打采的,IELTS,adjective,,,,,,55,ai_initial:gpt-6-luna,"The medical sense is fairly specialized, while the figurative sense is more broadly understandable.",,,high,review_required,C:\Users\123\OneDrive\桌面\單字庫\雅思單字.txt,262
322a9987ce5f5ce7,animosity (between),仇恨；敵意；憎惡,IELTS,noun,,,,,,75,ai_initial:gpt-6-luna,"Animosity is an uncommon, abstract word for strong hostility or hatred, so it is relatively difficult for general English learners.",,,high,review_required,C:\Users\123\OneDrive\桌面\單字庫\雅思單字.txt,275
51ed4192400892c3,antagonism (between),對抗，對立；敵對；敵意,IELTS,noun,,,,,,75,ai_initial:gpt-6-luna,“Antagonism” is a relatively advanced noun for hostility or opposition between people or groups.,,,high,review_required,C:\Users\123\OneDrive\桌面\單字庫\雅思單字.txt,286
f45c87be88a6a347,apex (of),頂點；最高點、巔峰，全盛時期、（器官的）尖，頂，頂點,IELTS,noun,,,,,,60,ai_initial:gpt-6-luna,"A relatively formal, less common word for a highest point or peak.",,,high,review_required,C:\Users\123\OneDrive\桌面\單字庫\雅思單字.txt,326
94121657572df624,appall (at/by),使驚駭；使震驚,IELTS,verb,,,,,,75,ai_initial:gpt-6-luna,"An uncommon, formal verb meaning to shock or horrify someone; the supplied Chinese sense is clear.",,,high,review_required,C:\Users\123\OneDrive\桌面\單字庫\雅思單字.txt,336
285d220ed713f0fa,appertain (to),屬於；有關聯,IELTS,verb,,,,,,85,ai_initial:gpt-6-luna,"A rare, formal verb meaning to relate to or concern something.",,,high,review_required,C:\Users\123\OneDrive\桌面\單字庫\雅思單字.txt,343
109d22a892c2ea36,apprehensible,（對將要做的事情）擔憂的，擔心的,IELTS,adjective,,,,,,80,ai_initial:gpt-6-luna,"“Apprehensible” usually means capable of being understood; the supplied Chinese sense corresponds to “apprehensive,” so the sense does not confidently match the headword.",,,low,review_required,C:\Users\123\OneDrive\桌面\單字庫\雅思單字.txt,349
059351195c24ccff,appropriate (for),適當的，恰當的；合適的,IELTS,adjective,,,,,,45,ai_initial:gpt-6-luna,A common but somewhat formal adjective meaning suitable or proper for a particular purpose.,,,high,review_required,C:\Users\123\OneDrive\桌面\單字庫\雅思單字.txt,351
d5274653426d825e,armful (of),（雙臂或單臂的）一抱（之量）,IELTS,noun,,,,,,40,ai_initial:gpt-6-luna,"A concrete, fairly transparent count noun, though less common than basic everyday vocabulary.",,,high,review_required,C:\Users\123\OneDrive\桌面\單字庫\雅思單字.txt,377
a16312b632905f1b,armory=armoury,（一個國家的所有）武器裝備、軍械庫；武器庫、寶庫；錦囊,IELTS,noun,,,,,,65,ai_initial:gpt-6-luna,"The word is less common than everyday vocabulary, and its military and figurative senses may be unfamiliar.",,,medium,review_required,C:\Users\123\OneDrive\桌面\單字庫\雅思單字.txt,378
6af379483a08dee8,ascribe (to),把…歸因於；認為…是由於,IELTS,verb,,,,,,65,ai_initial:gpt-6-luna,A relatively formal verb used to express attributing a cause or source.,,,high,review_required,C:\Users\123\OneDrive\桌面\單字庫\雅思單字.txt,397
27c72f15950a882c,aspire (to),追求；渴望；有志於,IELTS,verb,,,,,,65,ai_initial:gpt-6-luna,"A somewhat advanced verb, commonly used with “to” for pursuing an ambition or goal.",,,high,review_required,C:\Users\123\OneDrive\桌面\單字庫\雅思單字.txt,404
55b4991e2cde5d8c,atone (for),贖（罪）；彌補，補償（過錯）,IELTS,verb,,,,,,70,ai_initial:gpt-6-luna,"“Atone for” is a relatively uncommon, somewhat formal verb phrase meaning to make amends for a wrongdoing.",,,high,review_required,C:\Users\123\OneDrive\桌面\單字庫\雅思單字.txt,427
176d1c4269d52783,avow,聲明；宣稱；承認,IELTS,verb,,,,,,75,ai_initial:gpt-6-luna,"A relatively uncommon, formal verb meaning to state or acknowledge something openly.",,,high,review_required,C:\Users\123\OneDrive\桌面\單字庫\雅思單字.txt,470
8c0422615209cb71,begrudge,羡慕；嫉妒、抱怨，發牢騷,IELTS,verb,,,,,,75,ai_initial:gpt-6-luna,This is a relatively uncommon verb meaning to resent or envy someone’s good fortune.,,,high,review_required,C:\Users\123\OneDrive\桌面\單字庫\雅思單字.txt,512
dd7474cb5d1893e8,boll,棉籽,IELTS,noun,,,,,,85,ai_initial:gpt-6-luna,"“Boll” usually means the seed-bearing capsule of a cotton plant, not a cottonseed; the supplied Chinese sense does not match confidently.",,,low,review_required,C:\Users\123\OneDrive\桌面\單字庫\雅思單字.txt,546
c09e3551a405d325,bore sb silly,使…覺得無聊透頂,IELTS,verbphrase,,,,,,50,ai_initial:gpt-6-luna,The intensifying idiom is less predictable than the basic verb “bore.”,,,high,review_required,C:\Users\123\OneDrive\桌面\單字庫\雅思單字.txt,554
24e31d9c86548c31,be the butt of sb's jokes,受到…嘲笑；成為…的笑柄,IELTS,verbphrase,,,,,,65,ai_initial:gpt-6-luna,This idiom uses “butt” in a less familiar figurative sense and has a variable possessive phrase.,,,high,review_required,C:\Users\123\OneDrive\桌面\單字庫\雅思單字.txt,621
2353cf9ece40f981,cabal (of),（尤指策劃政治行動的）陰謀小集團，陰謀團夥,IELTS,noun,,,,,,80,ai_initial:gpt-6-luna,“Cabal” in this political sense is an uncommon word for a secretive group plotting together.,,,high,review_required,C:\Users\123\OneDrive\桌面\單字庫\雅思單字.txt,625
b2a0f05d58a1165b,came,穿窗引入線,IELTS,noun,,,,,,85,ai_initial:gpt-6-luna,"The supplied Chinese gloss appears to describe a specialized technical sense, but its connection to “came” is unclear.",,,low,review_required,C:\Users\123\OneDrive\桌面\單字庫\雅思單字.txt,644
bad60a374a102dc0,capitulate (to),投降；屈服；停止抵抗、被迫接受；被迫同意；讓步,IELTS,verb,,,,,,75,ai_initial:gpt-6-luna,"A relatively uncommon, formal verb for surrendering or yielding under pressure.",,,high,review_required,C:\Users\123\OneDrive\桌面\單字庫\雅思單字.txt,659
3d9dae322c096b3d,centenary (of),一百週年紀念,IELTS,noun,,,,,,75,ai_initial:gpt-6-luna,"A relatively uncommon, formal word for the hundredth anniversary of an event.",,,high,review_required,C:\Users\123\OneDrive\桌面\單字庫\雅思單字.txt,695
d80abdb339bf6a50,chastise,嚴厲批評，譴責，斥責(+for),IELTS,verb,,,,,,75,ai_initial:gpt-6-luna,A relatively uncommon verb meaning to criticize or reprimand someone severely.,,,high,review_required,C:\Users\123\OneDrive\桌面\單字庫\雅思單字.txt,713
1e8159ebf12fb507,check,檢查；核查，核對、得到資訊；核實、阻礙；制止；抑制、（在機場）托運（行李）、寄存，寄放、（資料）符合，吻合、給…標記號，勾去、（西洋棋）攻王棋，將軍、（冰球等）阻截 / 檢查；核對，查核、（彩色）方格圖案、帳單,IELTS,noun/verb,,,,,,50,ai_initial:gpt-6-luna,"The supplied meaning combines many distinct senses across verb and noun uses, so a single difficulty estimate is uncertain.",,,low,review_required,C:\Users\123\OneDrive\桌面\單字庫\雅思單字.txt,717
95eda478986d88e1,cite (as),舉例，引證、引用，引述、援引；傳喚，傳訊、（軍隊中公開）嘉獎，表彰，表揚,IELTS,verb,,,,,,60,ai_initial:gpt-6-luna,A somewhat formal verb with several meanings; the example uses the sense of citing something as evidence.,,,high,review_required,C:\Users\123\OneDrive\桌面\單字庫\雅思單字.txt,737
1b164ac365354a3f,classify (by/according to/into),將…分類，將…歸類；把…分級,IELTS,verb,,,,,,45,ai_initial:gpt-6-luna,"A moderately common verb, especially in academic and organizational contexts; the sense is clear from context.",,,high,review_required,C:\Users\123\OneDrive\桌面\單字庫\雅思單字.txt,746
c0e5245d42caae55,coincident (with),同時發生的，時間相同的,IELTS,adjective,,,,,,60,ai_initial:gpt-6-luna,"“Coincident with” is a relatively uncommon adjective phrase, though its sense is straightforward in context.",,,high,review_required,C:\Users\123\OneDrive\桌面\單字庫\雅思單字.txt,770
34698a2fc0403305,collide (with),（尤指移動的物體）相撞，碰撞,IELTS,verb,,,,,,45,ai_initial:gpt-6-luna,A moderately advanced verb for the physical impact of moving objects.,,,high,review_required,C:\Users\123\OneDrive\桌面\單字庫\雅思單字.txt,778
100b4523cc7a8557,collision (with),（車輛的）碰撞，相撞、衝突，牴觸,IELTS,noun,,,,,,50,ai_initial:gpt-6-luna,"The vehicle-crash sense is concrete, while the related sense of conflict or clash is somewhat abstract.",,,high,review_required,C:\Users\123\OneDrive\桌面\單字庫\雅思單字.txt,780
a5083f8793b84123,commitment (to),忠誠；投入；奉獻；承諾，保證，諾言、必須做（或處理）的事情,IELTS,noun,,,,,,55,ai_initial:gpt-6-luna,A common but abstract noun with several related senses; the phrase “commitment to” often means dedication or devotion.,,,high,review_required,C:\Users\123\OneDrive\桌面\單字庫\雅思單字.txt,794
269684c3337fabbb,compensate (for),賠償；補償、彌補，補償,IELTS,verb,,,,,,50,ai_initial:gpt-6-luna,"A fairly common verb, though its formal tone and use with “for” may be less familiar to learners.",,,high,review_required,C:\Users\123\OneDrive\桌面\單字庫\雅思單字.txt,802
791bb7e261e678dd,competent (at),有能力的；能幹的；稱職的,IELTS,adjective,,,,,,50,ai_initial:gpt-6-luna,A fairly common adjective for someone capable and effective at a task; the sense is clear.,,,high,review_required,C:\Users\123\OneDrive\桌面\單字庫\雅思單字.txt,804
d1b841238df949bd,complicity (in),同謀；共犯；串通,IELTS,noun,,,,,,75,ai_initial:gpt-6-luna,"An abstract, relatively advanced word often used in legal or formal contexts to describe involvement in wrongdoing.",,,high,review_required,C:\Users\123\OneDrive\桌面\單字庫\雅思單字.txt,816
52f9190618733735,comprise (of),包含；包括；構成，組成,IELTS,verb,,,,,,55,ai_initial:gpt-6-luna,A moderately advanced verb meaning to consist of or be made up of parts.,,,high,review_required,C:\Users\123\OneDrive\桌面\單字庫\雅思單字.txt,827
3bf8c07bccd7af88,conceive (of),想像；想出、構想，設想出（計劃或主意）、懷孕；受孕；懷（胎）,IELTS,verb,,,,,,65,ai_initial:gpt-6-luna,"The verb is familiar to many learners, but its meanings and the construction “conceive of” can be less straightforward.",,,high,review_required,C:\Users\123\OneDrive\桌面\單字庫\雅思單字.txt,834
6a41b8e28830229c,condescend (to do),屈尊做…，俯就做…，降格做…,IELTS,verb,,,,,,75,ai_initial:gpt-6-luna,"A relatively uncommon, formal verb with a nuanced sense of doing something as if it were beneath one.",,,high,review_required,C:\Users\123\OneDrive\桌面\單字庫\雅思單字.txt,848
e8d9c942025a25f1,confide,吐露，傾訴（秘密）,IELTS,verb,,,,,,55,ai_initial:gpt-6-luna,"A moderately familiar verb, often used in the pattern “confide something to someone.”",,,high,review_required,C:\Users\123\OneDrive\桌面\單字庫\雅思單字.txt,861
08c7c1378856433e,confront (by),面對，面臨；遭遇；直面，正視,IELTS,verb,,,,,,50,ai_initial:gpt-6-luna,"The supplied headword includes the unclear parenthetical “(by),” so its intended form is uncertain; the Chinese sense corresponds to the verb “confront.”",,,low,review_required,C:\Users\123\OneDrive\桌面\單字庫\雅思單字.txt,872
9f8a71cce582a1c3,conjecture (about),推測；猜測；猜想；臆斷 / 推測；猜測，猜想；臆斷,IELTS,verb,,,,,,70,ai_initial:gpt-6-luna,"A relatively formal, less common verb meaning to form a guess without enough evidence.",,,high,review_required,C:\Users\123\OneDrive\桌面\單字庫\雅思單字.txt,878
a03729ee4b1f9130,conjoin (with),（使）結合；（使）聯合；（使）連接,IELTS,verb,,,,,,65,ai_initial:gpt-6-luna,"A relatively uncommon, formal verb meaning to join or connect; the supplied sense is clear.",,,high,review_required,C:\Users\123\OneDrive\桌面\單字庫\雅思單字.txt,879
b9bad753ef3b75ac,connoisseur (of),（藝術品、食品、飲料等的）鑒賞家，鑒定家，行家,IELTS,noun,,,,,,75,ai_initial:gpt-6-luna,"A relatively uncommon, specialized word for someone with expert knowledge and appreciation of quality.",,,high,review_required,C:\Users\123\OneDrive\桌面\單字庫\雅思單字.txt,885
924aaf11fcf99b61,conscious (of),意識到；察覺到；感覺到,IELTS,adjective,,,,,,40,ai_initial:gpt-6-luna,"A fairly common adjective, though the abstract sense and its use with “of” may require some familiarity.",,,high,review_required,C:\Users\123\OneDrive\桌面\單字庫\雅思單字.txt,892
6992c041034fba05,contemplate (+Ving),盤算；沈思，冥想,IELTS,verb,,,,,,65,ai_initial:gpt-6-luna,A somewhat formal verb meaning to think carefully about or consider something; the supplied sense is clear.,,,high,review_required,C:\Users\123\OneDrive\桌面\單字庫\雅思單字.txt,926
f986eb7ff5320251,contemptuous (of),輕蔑的，輕視的，鄙視的,IELTS,adjective,,,,,,70,ai_initial:gpt-6-luna,"An abstract, relatively advanced adjective expressing disdain, often followed by “of.”",,,high,review_required,C:\Users\123\OneDrive\桌面\單字庫\雅思單字.txt,930
4c0aa58d98139835,contiguous (with/to),相近的，相鄰的；毗鄰的；互相連接的,IELTS,adjective,,,,,,65,ai_initial:gpt-6-luna,"A relatively uncommon, formal adjective meaning directly adjacent or connected.",,,high,review_required,C:\Users\123\OneDrive\桌面\單字庫\雅思單字.txt,933
f1eb7cbaa3ee29b7,contort (with),（使）扭曲；（使）歪曲；（使）變形,IELTS,verb,,,,,,60,ai_initial:gpt-6-luna,“Contort” is a somewhat uncommon verb meaning to twist or distort; “with” commonly introduces the cause or accompanying feeling.,,,high,review_required,C:\Users\123\OneDrive\桌面\單字庫\雅思單字.txt,941
c0aabefbc44a43c1,contribution (to/for),貢獻，奉獻；捐款；捐助（物）；投稿,IELTS,noun,,,,,,55,ai_initial:gpt-6-luna,"A fairly common noun, though its several related senses may require context.",,,high,review_required,C:\Users\123\OneDrive\桌面\單字庫\雅思單字.txt,947
2b279d89d8970b95,contrive,巧妙安排；謀劃，策劃(+to)、設計；發明；創造,IELTS,verb,,,,,,70,ai_initial:gpt-6-luna,An uncommon verb meaning to devise or arrange something cleverly; the estimate is a coarse initial judgment.,,,high,review_required,C:\Users\123\OneDrive\桌面\單字庫\雅思單字.txt,951
201df642d3bd421d,convulse (with),（使）劇烈抖動；（使）抽搐，（使）痙攣,IELTS,verb,,,,,,70,ai_initial:gpt-6-luna,"An uncommon, somewhat formal verb, often used for violent involuntary movements or spasms.",,,high,review_required,C:\Users\123\OneDrive\桌面\單字庫\雅思單字.txt,974
bd0c3cd5256add8b,cornucopia (+of),豐盛，大量,IELTS,noun,,,,,,75,ai_initial:gpt-6-luna,"An uncommon word, often used figuratively to mean a plentiful supply.",,,high,review_required,C:\Users\123\OneDrive\桌面\單字庫\雅思單字.txt,979
cef444c2535f1d19,corollary (of),必然結果，直接的結果,IELTS,noun,,,,,,70,ai_initial:gpt-6-luna,“Corollary” is an advanced noun meaning a result that follows directly from something else.,,,high,review_required,C:\Users\123\OneDrive\桌面\單字庫\雅思單字.txt,980
f7523ed84d3c231d,craving (for),渴望，熱望；難以抑制的渴求,IELTS,noun,,,,,,45,ai_initial:gpt-6-luna,"A fairly common noun for an intense, hard-to-resist desire; the phrase “craving for” is straightforward in context.",,,high,review_required,C:\Users\123\OneDrive\桌面\單字庫\雅思單字.txt,1029
43aa8cf8fdab5961,credence (to),支持；相信，信任,IELTS,noun,,,,,,75,ai_initial:gpt-6-luna,"“Credence” is a formal noun, commonly used in the phrase “give credence to” meaning to believe or accept something as true.",,,high,review_required,C:\Users\123\OneDrive\桌面\單字庫\雅思單字.txt,1033
ec543f2a4dc6e3d6,dearth (of),不足，缺乏，缺少,IELTS,noun,,,,,,70,ai_initial:gpt-6-luna,"“Dearth” is a relatively uncommon, formal word for a shortage or lack of something.",,,high,review_required,C:\Users\123\OneDrive\桌面\單字庫\雅思單字.txt,1076
f12b3aef9ba6b2a6,deceive …self,欺騙自己,IELTS,verb,,,,,,45,ai_initial:gpt-6-luna,"The Chinese meaning is clear, but “deceive …self” is an incomplete placeholder rather than a natural headword form.",,,low,review_required,C:\Users\123\OneDrive\桌面\單字庫\雅思單字.txt,1095
31b17a90b4205ff0,decimate,毀滅，大量殺戮；大幅削減,IELTS,verb,,,,,,75,ai_initial:gpt-6-luna,"An uncommon, advanced verb meaning to destroy or greatly reduce a group or population.",,,high,review_required,C:\Users\123\OneDrive\桌面\單字庫\雅思單字.txt,1101
458df4343d66c5fd,deduce (from),推斷，推論,IELTS,verb,,,,,,60,ai_initial:gpt-6-luna,"“Deduce” is a somewhat formal verb for reaching a conclusion from evidence, and is less common than basic verbs like “guess” or “infer.”",,,high,review_required,C:\Users\123\OneDrive\桌面\單字庫\雅思單字.txt,1113
0b334b4d9a3355ff,deficiency (in),不足，缺乏，缺少,IELTS,noun,,,,,,55,ai_initial:gpt-6-luna,"A moderately advanced noun, often used with “in” to describe a lack of something.",,,high,review_required,C:\Users\123\OneDrive\桌面\單字庫\雅思單字.txt,1126
10bcfc0ed59ca24d,defraud (of),欺詐，詐騙,IELTS,verb,,,,,,75,ai_initial:gpt-6-luna,"A relatively formal, less common verb meaning to cheat someone out of money or property.",,,high,review_required,C:\Users\123\OneDrive\桌面\單字庫\雅思單字.txt,1133
4ca12741de1f2b5a,deign to do,屈尊做…，放下架子做…,IELTS,verbphrase,,,,,,80,ai_initial:gpt-6-luna,"Deign is a formal, relatively uncommon verb meaning to do something as if lowering oneself to do it.",,,high,review_required,C:\Users\123\OneDrive\桌面\單字庫\雅思單字.txt,1142
d1ef301cce727599,delineate,描述；勾畫,IELTS,verb,,,,,,75,ai_initial:gpt-6-luna,A relatively formal verb meaning to describe or outline something clearly and precisely.,,,high,review_required,C:\Users\123\OneDrive\桌面\單字庫\雅思單字.txt,1151
1a6ac19bdc7c3dc1,delude (...self),欺騙，矇騙,IELTS,verb,,,,,,70,ai_initial:gpt-6-luna,"A relatively uncommon verb meaning to deceive, often used reflexively.",,,high,review_required,C:\Users\123\OneDrive\桌面\單字庫\雅思單字.txt,1154
b56cafccc1deaa70,demise (+of),倒閉；敗落；垮臺,IELTS,noun,,,,,,70,ai_initial:gpt-6-luna,A relatively formal word for the downfall or collapse of an organization or institution.,,,high,review_required,C:\Users\123\OneDrive\桌面\單字庫\雅思單字.txt,1163
5cacb81d017dd227,denizen (of),（特定地區的）居民，常住者，動物，植物,IELTS,noun,,,,,,75,ai_initial:gpt-6-luna,"“Denizen” is a relatively uncommon, formal word for a person, animal, or plant that lives in a particular place.",,,high,review_required,C:\Users\123\OneDrive\桌面\單字庫\雅思單字.txt,1175
c73a70b6899c0f48,denominate (in),（以某種貨幣）表示金額,IELTS,verb,,,,,,75,ai_initial:gpt-6-luna,"A relatively uncommon, formal verb, especially in financial contexts.",,,high,review_required,C:\Users\123\OneDrive\桌面\單字庫\雅思單字.txt,1176
fb37e84cf9d759bd,denomination (of),（某種宗教的）分支，派別、（尤指錢的）面值，面額,IELTS,noun,,,,,,55,ai_initial:gpt-6-luna,A moderately advanced noun with distinct religious and monetary senses; the religious sense is demonstrated here.,,,high,review_required,C:\Users\123\OneDrive\桌面\單字庫\雅思單字.txt,1177
8ea5d32d06387ba9,denounce,（公開）譴責，痛斥、檢舉；告發(+as),IELTS,verb,,,,,,70,ai_initial:gpt-6-luna,較正式的動詞，常用於公開譴責或痛斥；對一般英語學習者而言不算基礎詞彙。,,,high,review_required,C:\Users\123\OneDrive\桌面\單字庫\雅思單字.txt,1181
4b1523f32e94f849,deplete (of),消耗；耗費（資源、金錢、精力等）,IELTS,verb,,,,,,55,ai_initial:gpt-6-luna,"A moderately advanced verb, especially when used for reducing resources, money, or energy.",,,high,review_required,C:\Users\123\OneDrive\桌面\單字庫\雅思單字.txt,1185
ff55f0e288901e1d,deport (to),把…驅逐出境，把…遣送出境,IELTS,verb,,,,,,65,ai_initial:gpt-6-luna,A relatively advanced verb for the formal act of removing someone from a country.,,,high,review_required,C:\Users\123\OneDrive\桌面\單字庫\雅思單字.txt,1190
f4c08759138e6b39,deprecate,反對，不贊成、貶低，輕視,IELTS,verb,,,,,,75,ai_initial:gpt-6-luna,"A relatively uncommon, formal verb meaning to express disapproval of something.",,,high,review_required,C:\Users\123\OneDrive\桌面\單字庫\雅思單字.txt,1196
210a5d48f66767fb,depreciate (by),（尤指隨時間的推移）（使）貶值，（使）跌價,IELTS,verb,,,,,,60,ai_initial:gpt-6-luna,"A moderately specialized verb for losing value over time, especially in financial or business contexts.",,,high,review_required,C:\Users\123\OneDrive\桌面\單字庫\雅思單字.txt,1197
de365fb5cc3bfbc5,depth (of),深度、海底；深淵、（思維的）深度，深刻；洞察力、厚度；寬度、（情感、狀態、特性等的）深度，力度，強度、（聲線）深沉，低沉、（尤指顏色的）濃厚,IELTS,noun,,,,,,50,ai_initial:gpt-6-luna,"“Depth” is a fairly common noun, though its range of abstract and physical senses can require context.",,,high,review_required,C:\Users\123\OneDrive\桌面\單字庫\雅思單字.txt,1201
73ca8758e5ee4a20,in the depth of sth,處於極為…的消極情緒之中、處於最艱難的時期,IELTS,idiomaticphrase,,,,,,75,ai_initial:gpt-6-luna,"The intended figurative sense is clear, but the supplied singular form is unusual; the idiom is normally phrased “in the depths of.”",,,low,review_required,C:\Users\123\OneDrive\桌面\單字庫\雅思單字.txt,1203
f8123333bf93046a,deride (as),嘲笑，譏笑,IELTS,verb,,,,,,70,ai_initial:gpt-6-luna,“Deride” is a relatively formal verb meaning to mock or ridicule; “as” commonly introduces the label used in the ridicule.,,,high,review_required,C:\Users\123\OneDrive\桌面\單字庫\雅思單字.txt,1205
7b8ac263a0c46b88,derive … from,從…中得到，從…中獲得,IELTS,verbphrase,,,,,,55,ai_initial:gpt-6-luna,"The construction is fairly common, but learners must understand how derive links a source to something obtained from it.",,,high,review_required,C:\Users\123\OneDrive\桌面\單字庫\雅思單字.txt,1211
8aeb1fb6e8033921,descendant (of),子孫，後代,IELTS,noun,,,,,,45,ai_initial:gpt-6-luna,“Descendant” is a moderately advanced word for a person who comes from an earlier generation of a family.,,,high,review_required,C:\Users\123\OneDrive\桌面\單字庫\雅思單字.txt,1214
ff7bfe521376fb63,descendent,下降的；降落的；祖傳的；派生的,IELTS,adjective,,,,,,70,ai_initial:gpt-6-luna,"The supplied gloss combines several related senses, but it is unclear which one is intended; adjective use of “descendent” is uncommon.",,,low,review_required,C:\Users\123\OneDrive\桌面\單字庫\雅思單字.txt,1215
77b738920fb6a9d1,desist (from),停止，中止（他人不希望發生的事）,IELTS,verb,,,,,,75,ai_initial:gpt-6-luna,"“Desist from” is a formal, relatively uncommon way to say to stop doing something unwanted.",,,high,review_required,C:\Users\123\OneDrive\桌面\單字庫\雅思單字.txt,1221
1f166940382dba9e,be the despair of sb,成為…的心病，使…頭痛,IELTS,idiom,,,,,,70,ai_initial:gpt-6-luna,The idiomatic construction is less common and less transparent than its familiar individual words.,,,high,review_required,C:\Users\123\OneDrive\桌面\單字庫\雅思單字.txt,1224
fd71a8db505ccc17,despite …self,不由自主地，忍不住地,IELTS,adverbialphrase,,,,,,65,ai_initial:gpt-6-luna,"Likely represents “despite oneself,” but the supplied headword is incomplete, so an exact-spelling example cannot be written confidently.",,,low,review_required,C:\Users\123\OneDrive\桌面\單字庫\雅思單字.txt,1229
e44d1cb6c959187a,despondent (about),鬱悶的，沮喪的，消沉的,IELTS,adjective,,,,,,75,ai_initial:gpt-6-luna,“Despondent” is a relatively advanced adjective meaning deeply discouraged or low in spirits; “about” introduces the cause.,,,high,review_required,C:\Users\123\OneDrive\桌面\單字庫\雅思單字.txt,1231
4406367091e2c53f,deter (from),阻撓，阻止；威懾；使不敢,IELTS,verb,,,,,,65,ai_initial:gpt-6-luna,A moderately advanced verb meaning to discourage or prevent someone from doing something.,,,high,review_required,C:\Users\123\OneDrive\桌面\單字庫\雅思單字.txt,1236
841bab77392d27bb,detrude,推出,IELTS,verb,,,,,,95,ai_initial:gpt-6-luna,A very rare verb meaning to thrust or push out; the supplied Chinese sense fits.,,,medium,review_required,C:\Users\123\OneDrive\桌面\單字庫\雅思單字.txt,1244
296a748fedd39784,devilry=deviltry,惡作劇，歡鬧，頑皮,IELTS,noun,,,,,,75,ai_initial:gpt-6-luna,An uncommon noun for mischievous or rowdy behavior; the intended sense is clear.,,,medium,review_required,C:\Users\123\OneDrive\桌面\單字庫\雅思單字.txt,1246
891993b7f9c42551,devise,巧妙構思；巧妙設計；發明,IELTS,verb,,,,,,60,ai_initial:gpt-6-luna,A moderately advanced verb meaning to invent or plan something cleverly.,,,high,review_required,C:\Users\123\OneDrive\桌面\單字庫\雅思單字.txt,1248
d826317c707c3255,diagnose (as),診斷（病症）,IELTS,verb,,,,,,60,ai_initial:gpt-6-luna,"A moderately advanced medical verb, though its meaning is fairly clear from context.",,,high,review_required,C:\Users\123\OneDrive\桌面\單字庫\雅思單字.txt,1253
781436614136695e,diagnosis (of),診斷,IELTS,noun,,,,,,50,ai_initial:gpt-6-luna,"A common medical term, though it is more specialized and abstract than everyday vocabulary.",,,high,review_required,C:\Users\123\OneDrive\桌面\單字庫\雅思單字.txt,1254
ea43643a70803b51,diatribe (against),怒斥，抨擊；檄文,IELTS,noun,,,,,,75,ai_initial:gpt-6-luna,"“Diatribe” is an uncommon, formal word for an angry spoken or written attack; the supplied sense fits its use with “against.”",,,high,review_required,C:\Users\123\OneDrive\桌面\單字庫\雅思單字.txt,1260
d6daa22bee30e2bf,make a (big) difference,（極大地）改善,IELTS,verbphrase,,,,,,45,ai_initial:gpt-6-luna,"A common expression, but its improvement sense is idiomatic rather than fully literal.",,,high,review_required,C:\Users\123\OneDrive\桌面\單字庫\雅思單字.txt,1264
015ea2b85d571637,have a difference of opinion about/over,意見不一致，有分歧,IELTS,verbphrase,,,,,,50,ai_initial:gpt-6-luna,A moderately challenging fixed phrase with mostly familiar words and a clear meaning.,,,high,review_required,C:\Users\123\OneDrive\桌面\單字庫\雅思單字.txt,1267
f7b4325c2d4c864f,diffusion (of),擴散；傳播；散佈,IELTS,noun,,,,,,55,ai_initial:gpt-6-luna,"An abstract noun for spreading or transmission; the sense is clear, though the word is less common in everyday conversation.",,,high,review_required,C:\Users\123\OneDrive\桌面\單字庫\雅思單字.txt,1274
0afeaa38dd519db0,dignitary,要人，顯要人物，要員,IELTS,noun,,,,,,75,ai_initial:gpt-6-luna,"A formal, relatively uncommon word for an important person, especially one with an official role.",,,high,review_required,C:\Users\123\OneDrive\桌面\單字庫\雅思單字.txt,1275
cf49564053e80234,digress (from),離題，跑題,IELTS,verb,,,,,,60,ai_initial:gpt-6-luna,A moderately advanced verb meaning to stray from the subject being discussed.,,,high,review_required,C:\Users\123\OneDrive\桌面\單字庫\雅思單字.txt,1277
a4ea6680e45c783e,disallow,不承認；駁回；不允許,IELTS,verb,,,,,,60,ai_initial:gpt-6-luna,A somewhat formal verb meaning to reject or refuse to permit something.,,,high,review_required,C:\Users\123\OneDrive\桌面\單字庫\雅思單字.txt,1293
04fa4937af02e7bf,disarm,"繳…的械,解除…的武裝；交出武器,裁軍、（尤指出乎意料地）使產生好感",IELTS,verb,,,,,,65,ai_initial:gpt-6-luna,"The verb has several distinct senses, and its figurative sense of unexpectedly winning someone’s favor is less familiar than its literal weapon-related sense.",,,high,review_required,C:\Users\123\OneDrive\桌面\單字庫\雅思單字.txt,1297
bc14ff520cd3c868,disburse,撥（款）；拿出（一部分資金）,IELTS,verb,,,,,,75,ai_initial:gpt-6-luna,A relatively formal verb for paying out or distributing money.,,,high,review_required,C:\Users\123\OneDrive\桌面\單字庫\雅思單字.txt,1303
68fd2e2a2e290b00,discard,拋棄，扔掉、出（牌） / 出掉的牌,IELTS,verb,,,,,,55,ai_initial:gpt-6-luna,"A moderately common, somewhat formal verb meaning to throw something away.",,,high,review_required,C:\Users\123\OneDrive\桌面\單字庫\雅思單字.txt,1304
8cff88b1ebc7468d,disciple (of),信徒，門徒，追隨者,IELTS,noun,,,,,,60,ai_initial:gpt-6-luna,"“Disciple” is a less common word, often used for a devoted follower of a religious leader or teacher.",,,high,review_required,C:\Users\123\OneDrive\桌面\單字庫\雅思單字.txt,1306
91421b83d8f9c7be,disclaim,聲明拒絕承擔（責任）；否認,IELTS,verb,,,,,,75,ai_initial:gpt-6-luna,A formal verb used to deny or refuse responsibility; less common in everyday conversation.,,,high,review_required,C:\Users\123\OneDrive\桌面\單字庫\雅思單字.txt,1309
4c31ec4330a82743,discontinuation=discontinuance,停止，中止,IELTS,noun,,,,,,75,ai_initial:gpt-6-luna,"A formal, relatively uncommon noun meaning the act of stopping or ending something.",,,high,review_required,C:\Users\123\OneDrive\桌面\單字庫\雅思單字.txt,1315
e5f7170dcf1ba898,discountenance,使丟臉；不贊成 / 不贊成，反對,IELTS,verb,,,,,,90,ai_initial:gpt-6-luna,"An uncommon, formal verb; the example uses the sense “不贊成、反對.”",,,high,review_required,C:\Users\123\OneDrive\桌面\單字庫\雅思單字.txt,1317
774fe07608233758,discover,（尤指首次）發現，找到、發現並培養（人才）,IELTS,verb,,A2,CEFR-J vocabulary profile 1.5 (lemma/POS proxy; not sense-aligned),,,35,ai_initial:gpt-6-luna,A common verb; identifying and helping develop talent is a familiar but more specific use.,,,high,review_required,C:\Users\123\OneDrive\桌面\單字庫\雅思單字.txt,1318
f0bd702611a3b4b9,disengage,（使）脫離，（使）鬆開(+from)、（使）擺脫約束（或控制）、鬆開（離合器）,IELTS,verb,,,,,,60,ai_initial:gpt-6-luna,"A moderately uncommon verb with several related senses, including releasing a clutch or freeing something from control.",,,high,review_required,C:\Users\123\OneDrive\桌面\單字庫\雅思單字.txt,1326
fd77a46cc8be4b66,disfavor,不喜歡，不贊成，厭惡,IELTS,verb,,,,,,65,ai_initial:gpt-6-luna,"A relatively uncommon, formal verb meaning to regard something with disapproval or lack of favor.",,,high,review_required,C:\Users\123\OneDrive\桌面\單字庫\雅思單字.txt,1327
2790884b61bfce70,dismount,下馬；下車,IELTS,verb,,,,,,55,ai_initial:gpt-6-luna,"A recognizable verb for getting off a horse or vehicle, but less common than basic verbs such as “get off.”",,,high,review_required,C:\Users\123\OneDrive\桌面\單字庫\雅思單字.txt,1339
792da7022707ec80,disown,聲明與…斷絕關係,IELTS,verb,,,,,,65,ai_initial:gpt-6-luna,A less common verb meaning to reject or disclaim a relationship with someone.,,,high,review_required,C:\Users\123\OneDrive\桌面\單字庫\雅思單字.txt,1342
6449988d061271a4,disparage (as),貶斥，貶低,IELTS,verb,,,,,,70,ai_initial:gpt-6-luna,A relatively uncommon formal verb meaning to speak of something in a belittling or dismissive way.,,,high,review_required,C:\Users\123\OneDrive\桌面\單字庫\雅思單字.txt,1343
47e6369b4a273062,displace,迫使…離開常居地（或原位）,IELTS,verb,,B2,CEFR-J vocabulary profile 1.5 (lemma/POS proxy; not sense-aligned),,,65,ai_initial:gpt-6-luna,A moderately advanced verb; this sense describes forcing people to leave their homes.,,,high,review_required,C:\Users\123\OneDrive\桌面\單字庫\雅思單字.txt,1347
961cf55c0b1cfa3a,disqualify (from),取消…的資格，剝奪…的資格,IELTS,verb,,,,,,60,ai_initial:gpt-6-luna,"A moderately advanced verb meaning to remove someone's eligibility, often used with “from.”",,,high,review_required,C:\Users\123\OneDrive\桌面\單字庫\雅思單字.txt,1350
d0258ce94fdb8ff6,disregard,忽視，無視，不理會 / 忽視，漠視，無視(+for),IELTS,verb,,B2,CEFR-J vocabulary profile 1.5 (lemma/POS proxy; not sense-aligned),,,55,ai_initial:gpt-6-luna,A moderately advanced verb meaning to ignore or fail to pay attention to something.,,,high,review_required,C:\Users\123\OneDrive\桌面\單字庫\雅思單字.txt,1352
02d7eb9be2e3e2ff,disrobe,脫外衣，脫外套（尤指禮服）,IELTS,verb,,,,,,70,ai_initial:gpt-6-luna,"A relatively uncommon, formal verb; the supplied sense is clear, though disrobe can also mean to remove more clothing.",,,medium,review_required,C:\Users\123\OneDrive\桌面\單字庫\雅思單字.txt,1355
5e8cbf2389719d8a,disseminate,散佈，傳播，宣傳,IELTS,verb,,,,27927,wordfreq 3.x large English combined frequency list; corpus rank (approximate),70,ai_initial:gpt-6-luna,A relatively formal verb meaning to spread information widely; less common than everyday alternatives such as “share.”,,,high,review_required,C:\Users\123\OneDrive\桌面\單字庫\雅思單字.txt,1361
ea7224fb23ab0ad3,dissertation (on),專題論文；學位論文,IELTS,noun,,,,,,70,ai_initial:gpt-6-luna,"A formal academic term, especially common in higher education, with a clear thesis-related sense.",,,high,review_required,C:\Users\123\OneDrive\桌面\單字庫\雅思單字.txt,1366
cdd7c3e884bf1409,disservice (to),有害行爲；損害，危害,IELTS,noun,,,,,,65,ai_initial:gpt-6-luna,"“Disservice” is a less common, somewhat formal noun for an action that harms or disadvantages someone.",,,high,review_required,C:\Users\123\OneDrive\桌面\單字庫\雅思單字.txt,1367
fc019539e607aed8,dissimilar (to),不同的，有區別的,IELTS,adjective,,,,,,45,ai_initial:gpt-6-luna,"A moderately advanced adjective meaning unlike or different, often followed by “to.”",,,high,review_required,C:\Users\123\OneDrive\桌面\單字庫\雅思單字.txt,1369
b3da03db11a6b8f6,dissolve (in),（使）溶解,IELTS,verb,,,,,,35,ai_initial:gpt-6-luna,A common verb for a substance mixing into a liquid and disappearing.,,,high,review_required,C:\Users\123\OneDrive\桌面\單字庫\雅思單字.txt,1374
39577c483f090820,divert,使改變方向，使轉向、將…用於其他目的；改變…的用途、分散，轉移（注意力）、使開心，供消遣,IELTS,verb,,B2,CEFR-J vocabulary profile 1.5 (lemma/POS proxy; not sense-aligned),,,65,ai_initial:gpt-6-luna,"A moderately advanced verb with several related senses, including redirecting attention.",,,high,review_required,C:\Users\123\OneDrive\桌面\單字庫\雅思單字.txt,1400
fb5da1c20602ae8e,dominate,統治；控制、在…中占首要地位；擁有優勢；最明顯的,IELTS,verb,,B2,CEFR-J vocabulary profile 1.5 (lemma/POS proxy; not sense-aligned),,,60,ai_initial:gpt-6-luna,"A fairly common verb, but its sense varies between control and being the most prominent or influential.",,,high,review_required,C:\Users\123\OneDrive\桌面\單字庫\雅思單字.txt,1424
b0323c6e14de696c,dramatize,使戲劇化；將…改編成劇本、誇大，誇張,IELTS,verb,,,,,,60,ai_initial:gpt-6-luna,"A moderately advanced verb with several related senses, including exaggerating something.",,,high,review_required,C:\Users\123\OneDrive\桌面\單字庫\雅思單字.txt,1440
e8e58b2a006a2d6a,duplicity (in),欺騙；（尤指）搞兩面派,IELTS,noun,,,,,,85,ai_initial:gpt-6-luna,"An uncommon, formal word for deliberate deceit or two-faced behavior.",,,high,review_required,C:\Users\123\OneDrive\桌面\單字庫\雅思單字.txt,1451
24ff487769299da7,dwindle (to),減小；降低；減少,IELTS,verb,,,,,,65,ai_initial:gpt-6-luna,“Dwindle” is a relatively uncommon verb meaning to gradually become smaller or fewer.,,,high,review_required,C:\Users\123\OneDrive\桌面\單字庫\雅思單字.txt,1458
f7b2a601193f8f33,be in earnest,（說話時）是認真的；是誠摯的,IELTS,verbphrase,,,,,,55,ai_initial:gpt-6-luna,"The phrase is less common than its individual words, and understanding it requires recognizing that it means speaking sincerely.",,,high,review_required,C:\Users\123\OneDrive\桌面\單字庫\雅思單字.txt,1463
ea17063e97a3a942,eclipse,日蝕；月蝕、黯然失色(+of) / 遮掩（天體的）光、掩沒…的重要性（或優點、聲譽等）；淩駕…之上；光芒蓋過…,IELTS,verb,,,,,,60,ai_initial:gpt-6-luna,The verb sense of eclipsing something by surpassing it or making it seem less important is moderately advanced.,,,high,review_required,C:\Users\123\OneDrive\桌面\單字庫\雅思單字.txt,1469
ea4dfdecbf23a6bd,economize (on),節約，節省；緊縮開支,IELTS,verb,,,,,,45,ai_initial:gpt-6-luna,A somewhat formal verb for reducing spending or using resources sparingly; the sense is clear from context.,,,high,review_required,C:\Users\123\OneDrive\桌面\單字庫\雅思單字.txt,1470
769e7a253734dc4f,efface,抹去，擦掉；消除,IELTS,verb,,,,,,75,ai_initial:gpt-6-luna,"“Efface” means to erase or remove something, and is relatively uncommon compared with everyday synonyms such as “erase.”",,,high,review_required,C:\Users\123\OneDrive\桌面\單字庫\雅思單字.txt,1478
7069c61e9fbe3d1b,efface …self,保持低調；使自己不被人注意；不露鋒芒,IELTS,verbphrase,,,,,,70,ai_initial:gpt-6-luna,"The Chinese meaning is clear, but the supplied headword spelling contains an ellipsis, so I cannot write a natural example using it exactly.",,,low,review_required,C:\Users\123\OneDrive\桌面\單字庫\雅思單字.txt,1479
a090e2053bb60848,effuse,瀉出；散發、流出,IELTS,verb,,,,,,85,ai_initial:gpt-6-luna,“Effuse” is an uncommon verb meaning to pour or flow out; the supplied Chinese sense fits this usage.,,,medium,review_required,C:\Users\123\OneDrive\桌面\單字庫\雅思單字.txt,1502
b62b652798f400bb,effusion (of),（強烈感情的）迸發，傾瀉,IELTS,noun,,,,,,75,ai_initial:gpt-6-luna,“Effusion” is an uncommon noun meaning an outpouring of strong feeling; the “of” phrase introduces the feeling expressed.,,,high,review_required,C:\Users\123\OneDrive\桌面\單字庫\雅思單字.txt,1503
f2a79abc3afcdb52,egoism=egotism,自我主義；自大；自負,IELTS,noun,,,,,,65,ai_initial:gpt-6-luna,"The headword combines two related but distinct terms, and the Chinese gloss covers both self-centeredness and conceit.",,,low,review_required,C:\Users\123\OneDrive\桌面\單字庫\雅思單字.txt,1504
76b681482577bfe7,egoist=egotist,自我主義者；自高自大者,IELTS,noun,,,,,,65,ai_initial:gpt-6-luna,"The Chinese sense is clear, but the supplied headword combines two alternative spellings with an equals sign, so a natural example using it exactly is unclear.",,,low,review_required,C:\Users\123\OneDrive\桌面\單字庫\雅思單字.txt,1505
85c4165182fe99af,eject,（用武力）驅逐，逐出，趕出(+from)、將（犯規的運動員）罰下場、（緊急情況下連坐椅一起從飛機中）彈射出來、使（從機器中）彈出,IELTS,verb,,,,,,60,ai_initial:gpt-6-luna,A moderately uncommon verb with several related but distinct uses.,,,high,review_required,C:\Users\123\OneDrive\桌面\單字庫\雅思單字.txt,1508
cc76114504053c43,elude,使達不到；使做不成；使不能實現、避開，逃避，躲避、使記不起來,IELTS,verb,,,,,,65,ai_initial:gpt-6-luna,Elude is a relatively uncommon verb used for escaping notice or being impossible to recall or attain.,,,high,review_required,C:\Users\123\OneDrive\桌面\單字庫\雅思單字.txt,1524
f8e515fce3eab9aa,emanate,表現；顯示,IELTS,verb,,,,,,75,ai_initial:gpt-6-luna,The sense ‘show or express’ is a figurative use of a relatively uncommon verb.,,,medium,review_required,C:\Users\123\OneDrive\桌面\單字庫\雅思單字.txt,1527
38bec58c9086b80d,embellish (with),裝飾，修飾；給…錦上添花，渲染,IELTS,verb,,,,,,65,ai_initial:gpt-6-luna,"A moderately advanced verb meaning to decorate or enhance something, sometimes with added details.",,,high,review_required,C:\Users\123\OneDrive\桌面\單字庫\雅思單字.txt,1532
cb552f67a185627e,embezzle (from),貪汙，侵吞；盜用，挪用（錢款）,IELTS,verb,,,,,,75,ai_initial:gpt-6-luna,"A relatively uncommon verb, often used in financial or legal contexts, for illegally taking money entrusted to you.",,,high,review_required,C:\Users\123\OneDrive\桌面\單字庫\雅思單字.txt,1533
7bab9b87e43a5b12,emblazon (with),（醒目地）印製，裝飾；炫示,IELTS,verb,,,,,,75,ai_initial:gpt-6-luna,An uncommon verb meaning to decorate or mark something prominently.,,,high,review_required,C:\Users\123\OneDrive\桌面\單字庫\雅思單字.txt,1534
b0339d5433dc0bcd,emblem (of),象徵；標誌；符號；徽章,IELTS,noun,,,,,,50,ai_initial:gpt-6-luna,"“Emblem” is a somewhat formal, less common noun for a symbol or badge representing something.",,,high,review_required,C:\Users\123\OneDrive\桌面\單字庫\雅思單字.txt,1535
36b578194b663afe,emerge,出現，浮現；露出、（從困境中）擺脫出來，存活下來,IELTS,verb,,B1,CEFR-J vocabulary profile 1.5 (lemma/POS proxy; not sense-aligned),,,55,ai_initial:gpt-6-luna,常見動詞，但詞義涵蓋出現、浮現及從困境中脫身等用法。,,,high,review_required,C:\Users\123\OneDrive\桌面\單字庫\雅思單字.txt,1540
442d2546e5b4ff9b,emigrate (from…to),移居外國；移民,IELTS,verb,,,,,,45,ai_initial:gpt-6-luna,A moderately familiar verb for the specific act of leaving one country to settle in another.,,,high,review_required,C:\Users\123\OneDrive\桌面\單字庫\雅思單字.txt,1545
384c62e76aa406a6,emphasize,強調；重視、使突出；使明顯,IELTS,verb,,,,,,40,ai_initial:gpt-6-luna,A common verb meaning to stress the importance of something; moderately challenging for learners.,,,high,review_required,C:\Users\123\OneDrive\桌面\單字庫\雅思單字.txt,1550
b33d687c0f7a5ac3,empower (to),給（某人）做…的權力；授權；使自主,IELTS,verb,,,,,,65,ai_initial:gpt-6-luna,An abstract verb commonly used for granting authority or enabling people to act independently.,,,high,review_required,C:\Users\123\OneDrive\桌面\單字庫\雅思單字.txt,1555
848844abad1ce9f7,enamor,使傾心，使喜愛，使迷戀,IELTS,verb,,,,,,75,ai_initial:gpt-6-luna,"Uncommon, somewhat literary verb for making someone feel strong affection or fascination.",,,high,review_required,C:\Users\123\OneDrive\桌面\單字庫\雅思單字.txt,1558
12e60c07b54b55fb,encompass,包含，包括（尤指很多不同事物）,IELTS,verb,,,,,,65,ai_initial:gpt-6-luna,A relatively advanced verb meaning to include a wide range of things.,,,high,review_required,C:\Users\123\OneDrive\桌面\單字庫\雅思單字.txt,1561
2fc5bdbd87fd4fcb,encourage,刺激，激勵；促進；助長、（透過言語或行動）鼓勵，支援,IELTS,verb,,A2,CEFR-J vocabulary profile 1.5 (lemma/POS proxy; not sense-aligned),,,35,ai_initial:gpt-6-luna,"A common verb, though its related senses of motivating, supporting, and promoting add some nuance.",,,high,review_required,C:\Users\123\OneDrive\桌面\單字庫\雅思單字.txt,1563
cc9a5884310eb4a8,endear,使…受…喜愛（或歡迎）,IELTS,verb,,,,,,70,ai_initial:gpt-6-luna,"A less common verb, often used in the construction “endear someone to someone.”",,,high,review_required,C:\Users\123\OneDrive\桌面\單字庫\雅思單字.txt,1569
14b5fdc3939a0fff,estrange,（使）疏遠；離間、（使）不再理解；（使）不再明白,IELTS,verb,,,,,,70,ai_initial:gpt-6-luna,"An uncommon, somewhat formal verb meaning to make people emotionally distant from one another.",,,high,review_required,C:\Users\123\OneDrive\桌面\單字庫\雅思單字.txt,1577
0e131c43ba9f8b92,eulogize (over),歌頌，讚美，稱頌,IELTS,verb,,,,,,75,ai_initial:gpt-6-luna,"A formal, relatively uncommon verb meaning to praise someone, especially in a speech after their death.",,,high,review_required,C:\Users\123\OneDrive\桌面\單字庫\雅思單字.txt,1581
4b72a204b39d2e02,eulogy (to),悼詞，悼文；（爲剛剛退休的人所作的）頌詞，頌文,IELTS,noun,,,,,,75,ai_initial:gpt-6-luna,"A formal, relatively uncommon word for a speech or piece of writing praising someone, including someone who has just retired.",,,high,review_required,C:\Users\123\OneDrive\桌面\單字庫\雅思單字.txt,1582
e0b086835d370074,euphemism (for),委婉語，委婉說法,IELTS,noun,,,,,,70,ai_initial:gpt-6-luna,"An abstract term for a language concept, less common in everyday English.",,,high,review_required,C:\Users\123\OneDrive\桌面\單字庫\雅思單字.txt,1583
2d997bd38e280c2e,"evade the issue, question, etc.",迴避議題／問題（等等）,IELTS,verbphrase,,,,,,65,ai_initial:gpt-6-luna,"“Evade” is a relatively advanced verb here, meaning to avoid addressing a topic or question.",,,high,review_required,C:\Users\123\OneDrive\桌面\單字庫\雅思單字.txt,1588
ad02120a19119f4b,evert,外翻；翻轉,IELTS,verb,,,,,,90,ai_initial:gpt-6-luna,"A rare, specialized verb meaning to turn or fold something outward.",,,high,review_required,C:\Users\123\OneDrive\桌面\單字庫\雅思單字.txt,1595
11bc7ef54ae641d7,evict (from),驅逐；趕走，逐出,IELTS,verb,,,,,,60,ai_initial:gpt-6-luna,A somewhat formal verb for forcing someone to leave a place.,,,high,review_required,C:\Users\123\OneDrive\桌面\單字庫\雅思單字.txt,1596
d90b071e606738e0,excel (in),擅長，善於；突出,IELTS,verbphrase,,,,,,55,ai_initial:gpt-6-luna,“Excel in” is a moderately advanced way to say someone is especially good at something.,,,high,review_required,C:\Users\123\OneDrive\桌面\單字庫\雅思單字.txt,1607
b7bf44e59e79aa88,excel …self,比平常做得好；超水準的發揮,IELTS,verb,,,,,,65,ai_initial:gpt-6-luna,"The Chinese sense suggests “excel oneself,” but the supplied headword contains an ellipsis, so its exact intended form is unclear.",,,low,review_required,C:\Users\123\OneDrive\桌面\單字庫\雅思單字.txt,1608
d7652ad12df8b63b,excellency,（尤指對大使等的尊稱）閣下、優點、美德,IELTS,noun,,,,,,80,ai_initial:gpt-6-luna,"A rare, formal noun; the honorific sense is distinct from the less common sense of a virtue or merit.",,,medium,review_required,C:\Users\123\OneDrive\桌面\單字庫\雅思單字.txt,1610
2da5e7ff8659164e,excerpt (from),（演講、書、電影等的）摘錄，節錄，片斷,IELTS,noun,,,,,,35,ai_initial:gpt-6-luna,A moderately common word for a selected passage or section from a larger work.,,,high,review_required,C:\Users\123\OneDrive\桌面\單字庫\雅思單字.txt,1612
09ef4e40d3a1eefd,exclude (from),阻止…進入；把…排斥在外、（有意地）不包括、排除…；不考慮…；認為…不可能,IELTS,verb,,,,,,45,ai_initial:gpt-6-luna,"A fairly common verb, though its meaning and use with “from” may take some context to learn.",,,high,review_required,C:\Users\123\OneDrive\桌面\單字庫\雅思單字.txt,1618
5af0155c9d66a3ed,exemplar (of),範本；模範；樣本,IELTS,noun,,,,,,70,ai_initial:gpt-6-luna,"“Exemplar” is a relatively uncommon, formal noun meaning a model or example worthy of imitation.",,,high,review_required,C:\Users\123\OneDrive\桌面\單字庫\雅思單字.txt,1631
b7f7b001a8d2d2c8,exemplify,作為…的典範（或範例、典型、榜樣等）；舉例說明,IELTS,verb,,,,,,70,ai_initial:gpt-6-luna,A relatively formal verb meaning to serve as a typical example of something.,,,high,review_required,C:\Users\123\OneDrive\桌面\單字庫\雅思單字.txt,1633
23062ba699985fed,exempt (from),被免除（義務或付款）的；被豁免的 / 免除，豁免（責任、付款等）,IELTS,adjective,,,,,,55,ai_initial:gpt-6-luna,A moderately formal word for being excused from an obligation or payment.,,,high,review_required,C:\Users\123\OneDrive\桌面\單字庫\雅思單字.txt,1634
f081e0d541071445,exert …self,用力；盡力；努力,IELTS,verb,,,,,,65,ai_initial:gpt-6-luna,“Exert oneself” is a somewhat advanced way to express making a strong effort.,,,high,review_required,C:\Users\123\OneDrive\桌面\單字庫\雅思單字.txt,1636
3808aeae4acc5517,exhaust,使筋疲力竭；使疲憊不堪、用完；花光；耗盡 / （引擎排出的）廢氣；（尤指汽車的）尾氣；排氣管,IELTS,noun/verb,,B2,CEFR-J vocabulary profile 1.5 (lemma/POS proxy; not sense-aligned),,,60,ai_initial:gpt-6-luna,"The verb senses are moderately advanced, and the noun sense for engine waste gases is more specialized.",,,high,review_required,C:\Users\123\OneDrive\桌面\單字庫\雅思單字.txt,1638
ee4812e5f97649e1,exonerate (from),證明…無罪；宣佈…無罪；使免受責備,IELTS,verb,,,,,,75,ai_initial:gpt-6-luna,"A formal, relatively uncommon verb meaning to clear someone of blame or wrongdoing.",,,high,review_required,C:\Users\123\OneDrive\桌面\單字庫\雅思單字.txt,1649
216171744596b9a0,expanse (of),（陸地、水面或天空的）廣闊區域,IELTS,noun,,,,,,65,ai_initial:gpt-6-luna,"A less common noun for a broad, continuous area of land, water, or sky.",,,high,review_required,C:\Users\123\OneDrive\桌面\單字庫\雅思單字.txt,1655
a06ac4d170a323a1,expatriate,（旅居國外的）僑民 / （強行或依法）把…逐出本國，使移居國外,IELTS,noun/verb,,,,,,75,ai_initial:gpt-6-luna,"The noun is relatively uncommon, and the verb sense of forcing someone to leave their country is rarer still.",,,medium,review_required,C:\Users\123\OneDrive\桌面\單字庫\雅思單字.txt,1657
6d80de4525dccf3c,be expecting (a baby),懷孕；有孕在身,IELTS,verbphrase,,,,,,35,ai_initial:gpt-6-luna,"A common, polite expression for being pregnant, though the meaning is not fully literal.",,,high,review_required,C:\Users\123\OneDrive\桌面\單字庫\雅思單字.txt,1660
c9bd5a470b505af5,expend,花費，消費，耗費（尤指時間、精力或錢）,IELTS,verb,,,,,,65,ai_initial:gpt-6-luna,"A relatively formal verb for using up time, effort, or money; less common than “spend.”",,,high,review_required,C:\Users\123\OneDrive\桌面\單字庫\雅思單字.txt,1667
f37560559311bd12,explicate,詳細解釋，詳細分析（作品或思想）,IELTS,verb,,,,,,75,ai_initial:gpt-6-luna,"A relatively uncommon, formal verb for explaining or analyzing a work or idea in detail.",,,high,review_required,C:\Users\123\OneDrive\桌面\單字庫\雅思單字.txt,1671
5f9dfb8fbbeec7d0,explode,（使）爆炸，（使）爆破、（情感）突然迸發，爆發，突然發作、急劇擴大；激增，突增、推翻；駁倒；破除,IELTS,verb,,B2,CEFR-J vocabulary profile 1.5 (lemma/POS proxy; not sense-aligned),,,60,ai_initial:gpt-6-luna,"The word is familiar, but understanding its figurative sense of a sudden emotional outburst takes additional context.",,,high,review_required,C:\Users\123\OneDrive\桌面\單字庫\雅思單字.txt,1673
19c71d8ceec92f0d,expostulate,反對；抗議；抱怨,IELTS,verb,,,,,,85,ai_initial:gpt-6-luna,"An uncommon, formal verb meaning to object or protest, often by addressing someone directly.",,,high,review_required,C:\Users\123\OneDrive\桌面\單字庫\雅思單字.txt,1678
2929cc34952e9da6,extension (to) (of),伸展；延伸,IELTS,noun,,,,,,50,ai_initial:gpt-6-luna,“Extension” is a moderately common noun; this sense of something being lengthened or reaching farther is somewhat abstract.,,,high,review_required,C:\Users\123\OneDrive\桌面\單字庫\雅思單字.txt,1687
fab2f19776aab83c,extinguish,熄滅，撲滅（火或光）、使（想法或感情）破滅；使消亡,IELTS,verb,,,,,,60,ai_initial:gpt-6-luna,A somewhat formal verb for putting out a fire; less common in everyday speech than “put out.”,,,high,review_required,C:\Users\123\OneDrive\桌面\單字庫\雅思單字.txt,1694
df8de67f51116519,extort (from),敲詐，勒索；強求,IELTS,verb,,,,,,75,ai_initial:gpt-6-luna,"An uncommon, relatively advanced verb meaning to obtain something by threats or pressure.",,,high,review_required,C:\Users\123\OneDrive\桌面\單字庫\雅思單字.txt,1696
3110521fc5ff0741,extradite (to…from),引渡,IELTS,verb,,,,,,70,ai_initial:gpt-6-luna,"A specialized legal verb, though it appears regularly in news coverage.",,,high,review_required,C:\Users\123\OneDrive\桌面\單字庫\雅思單字.txt,1698
3c21ff226568086f,extradition (to),引渡,IELTS,noun,,,,,,75,ai_initial:gpt-6-luna,A formal legal term for the surrender of a person to another country for prosecution or punishment.,,,high,review_required,C:\Users\123\OneDrive\桌面\單字庫\雅思單字.txt,1699
3da9bdb55dc9f275,extricate (from),使擺脫，使脫離；解救,IELTS,verb,,,,,,75,ai_initial:gpt-6-luna,An advanced verb for freeing someone or something from a difficult or trapped situation.,,,high,review_required,C:\Users\123\OneDrive\桌面\單字庫\雅思單字.txt,1709
e0f5d97c0dc1c28d,fabricate,捏造，虛構；偽造,IELTS,verb,,,,,,65,ai_initial:gpt-6-luna,A relatively formal verb for inventing false information or making a false document; less common than simpler alternatives.,,,high,review_required,C:\Users\123\OneDrive\桌面\單字庫\雅思單字.txt,1713
78a2caaa59517f94,feint (to),（尤指足球或拳擊運動中）做假動作，佯攻，虛晃,IELTS,verb,,,,,,65,ai_initial:gpt-6-luna,"A relatively uncommon, sport-specific verb for making a deceptive movement.",,,high,review_required,C:\Users\123\OneDrive\桌面\單字庫\雅思單字.txt,1741
22a8e23ae827e3d1,felicitate,向…致賀；視…有福,IELTS,verb,,,,,,80,ai_initial:gpt-6-luna,"A rare, formal verb meaning to congratulate someone.",,,high,review_required,C:\Users\123\OneDrive\桌面\單字庫\雅思單字.txt,1742
4ad32806a693f583,fervent=fervid,強烈的；熱情的，熱誠的,IELTS,adjective,,,,,,75,ai_initial:gpt-6-luna,"The supplied headword joins two adjectives with an equals sign, so it is unclear which exact spelling the example must use.",,,low,review_required,C:\Users\123\OneDrive\桌面\單字庫\雅思單字.txt,1751
8846cb6e374d9cee,fervor=fervour,熱情；熱誠；熱烈,IELTS,noun,,,,,,75,ai_initial:gpt-6-luna,The sense is clear; this is a relatively uncommon noun for intense enthusiasm or passion.,,,high,review_required,C:\Users\123\OneDrive\桌面\單字庫\雅思單字.txt,1752
164d4f00560804a5,fief=fiefdom,領地；（尤指）采邑，封地、勢力範圍，領域,IELTS,noun,,,,,,75,ai_initial:gpt-6-luna,"A relatively uncommon historical term, mainly used for land held under feudal authority; the broader sense of a sphere of influence is also specialized.",,,high,review_required,C:\Users\123\OneDrive\桌面\單字庫\雅思單字.txt,1765
5aa4652816961186,filibuster,（為拖延或阻止新法律的通過而）發表冗長的演說,IELTS,verb,,,,,,80,ai_initial:gpt-6-luna,A specialized political term for making a long speech to delay or prevent a bill from passing.,,,high,review_required,C:\Users\123\OneDrive\桌面\單字庫\雅思單字.txt,1766
130c929e51a1b275,florist's,花店,IELTS,noun,,,,,,50,ai_initial:gpt-6-luna,"“Florist’s” is commonly used, especially in British English, to mean a florist’s shop.",,,high,review_required,C:\Users\123\OneDrive\桌面\單字庫\雅思單字.txt,1795
f31f0088396bcba8,fluent (in),（指人說某種語言）流利的、（語言）講得流利的,IELTS,adjective,,,,,,35,ai_initial:gpt-6-luna,A common adjective for speaking a language smoothly and easily; the “fluent in” construction is straightforward.,,,high,review_required,C:\Users\123\OneDrive\桌面\單字庫\雅思單字.txt,1799
f0d8a6b1bfdc6b9b,fluential,流暢的,IELTS,adjective,,,,,,90,ai_initial:gpt-6-luna,"“Fluential” is rare, and its meaning as “流暢的” is uncertain.",,,low,review_required,C:\Users\123\OneDrive\桌面\單字庫\雅思單字.txt,1800
925f7bb00158a6ca,foist (on),採用欺騙手段出售；偷偷加進；使混入；把……強加（於），強迫接受,IELTS,verb,,,,,,75,ai_initial:gpt-6-luna,“Foist” is relatively uncommon and often used in the pattern “foist something on someone” to mean forcing someone to accept it.,,,high,review_required,C:\Users\123\OneDrive\桌面\單字庫\雅思單字.txt,1804
c02c541f6c9bd4d1,fondle,（充滿柔情地）撫摸，撫弄；（兩性間）愛撫,IELTS,verb,,,,,,75,ai_initial:gpt-6-luna,"A relatively uncommon verb with a specific meaning; it can also carry a sexual connotation, so context matters.",,,high,review_required,C:\Users\123\OneDrive\桌面\單字庫\雅思單字.txt,1808
dd3b35e14b26671a,forejudge,推斷,IELTS,verb,,,,,,95,ai_initial:gpt-6-luna,"Rare word; it usually means to judge beforehand or prejudge, which may not match the supplied sense 推斷.",,,low,review_required,C:\Users\123\OneDrive\桌面\單字庫\雅思單字.txt,1817
7389e39ed0183755,forego=forgo,放棄，摒絕（令人愉悅之物）,IELTS,verb,,,,,,55,ai_initial:gpt-6-luna,"The Chinese sense is clear, but “forego=forgo” is ambiguous as an exact headword spelling; “forego” and “forgo” are not interchangeable in this sense.",,,low,review_required,C:\Users\123\OneDrive\桌面\單字庫\雅思單字.txt,1825
bcc4ab4dce122e68,foreground,（圖片或照片的）前景、重要位置；矚目地位 / 強調，突出（某事物的重要性）,IELTS,noun/verb,,,,,,60,ai_initial:gpt-6-luna,"The concrete sense is fairly accessible, while the abstract verb sense is less common and more advanced.",,,high,review_required,C:\Users\123\OneDrive\桌面\單字庫\雅思單字.txt,1826
a0cdb33c229695cc,forswear,決心放棄，發誓戒除,IELTS,verb,,,,,,85,ai_initial:gpt-6-luna,"A formal, relatively uncommon verb meaning to renounce or vow to give something up.",,,high,review_required,C:\Users\123\OneDrive\桌面\單字庫\雅思單字.txt,1849
ea0741db70dc4a8d,fortify,（尤指為防禦而）加強，增強,IELTS,verb,,,,32945,wordfreq 3.x large English combined frequency list; corpus rank (approximate),65,ai_initial:gpt-6-luna,"A relatively uncommon verb, but its sense of strengthening something for defense is clear from context.",,,high,review_required,C:\Users\123\OneDrive\桌面\單字庫\雅思單字.txt,1853
247a310a35019d2a,fulminate,嚴厲批評；譴責,IELTS,verb,,,,,,85,ai_initial:gpt-6-luna,"An uncommon, formal verb meaning to denounce or criticize vehemently.",,,high,review_required,C:\Users\123\OneDrive\桌面\單字庫\雅思單字.txt,1886
66b8973681077329,furlong,浪，弗隆（長度單位，尤用於賽馬，相當於201米或1/8英里）,IELTS,noun,,,,,,90,ai_initial:gpt-6-luna,"A specialized length unit, most often encountered in horse racing and uncommon in general English.",,,high,review_required,C:\Users\123\OneDrive\桌面\單字庫\雅思單字.txt,1895
501b13a26291a423,go further/take sth further,促進；推進,IELTS,verbphrase,,,,,,55,ai_initial:gpt-6-luna,"The phrase is fairly common, but understanding that it means to advance or promote something depends on context.",,,medium,review_required,C:\Users\123\OneDrive\桌面\單字庫\雅思單字.txt,1899
fc7685ed60ff8bb2,galvanize,激起；使震驚；使振奮,IELTS,verb,,,,,,75,ai_initial:gpt-6-luna,"An uncommon, advanced verb meaning to shock or energize people into action.",,,high,review_required,C:\Users\123\OneDrive\桌面\單字庫\雅思單字.txt,1914
9b54ac109909340a,run the gamut of,經歷（某領域）的全部事情；全盤展示,IELTS,verbphrase,,,,,,75,ai_initial:gpt-6-luna,An idiomatic phrase meaning to cover or experience the full range of something.,,,high,review_required,C:\Users\123\OneDrive\桌面\單字庫\雅思單字.txt,1919
14f097dddbc2d947,genealogy (of),家譜（學），宗譜（學）；家系，世系、家譜圖，宗譜圖,IELTS,noun,,,,,,75,ai_initial:gpt-6-luna,"A relatively uncommon word, especially for general learners, though its family-history sense is clear in context.",,,high,review_required,C:\Users\123\OneDrive\桌面\單字庫\雅思單字.txt,1929
c59f165926d73155,generalize (about),概括，歸納,IELTS,verb,,,,,,55,ai_initial:gpt-6-luna,A moderately advanced verb meaning to draw a broad conclusion from particular examples.,,,high,review_required,C:\Users\123\OneDrive\桌面\單字庫\雅思單字.txt,1933
86c77acd4fda67e2,germane (to),（想法、訊息等）有密切關係的，有重要意義的,IELTS,adjective,,,,,,75,ai_initial:gpt-6-luna,"A relatively uncommon, formal adjective meaning closely relevant or important to a matter.",,,high,review_required,C:\Users\123\OneDrive\桌面\單字庫\雅思單字.txt,1946
b6d3791ade6a8fff,gesture (of),手勢；姿勢；示意動作、姿態；表示 / 做手勢；用手勢表示；用動作示意,IELTS,noun/verb,,,,,,45,ai_initial:gpt-6-luna,Both the noun sense of a meaningful movement and the verb sense of communicating with movements are fairly common and concrete.,,,high,review_required,C:\Users\123\OneDrive\桌面\單字庫\雅思單字.txt,1950
53b032720e1c7926,gibe=jibe,嘲諷，嘲弄，嘲笑(+at) / 嘲諷話,IELTS,noun/verb,,,,,,75,ai_initial:gpt-6-luna,"The meaning is clear, but the supplied headword combines two spellings with an equals sign, so I can’t use it naturally as an exact-spelling example.",,,low,review_required,C:\Users\123\OneDrive\桌面\單字庫\雅思單字.txt,1952
c25bc9e33977e4e6,glutinous=sticky,黏的,IELTS,adjective,,,,,,75,ai_initial:gpt-6-luna,“Glutinous” is an uncommon adjective meaning sticky or glue-like.,,,medium,review_required,C:\Users\123\OneDrive\桌面\單字庫\雅思單字.txt,1965
580e0c1997f32498,grandeur (of),宏偉，壯麗，堂皇,IELTS,noun,,,,,,60,ai_initial:gpt-6-luna,"A relatively uncommon, formal noun for impressive beauty or magnificence.",,,high,review_required,C:\Users\123\OneDrive\桌面\單字庫\雅思單字.txt,1979
3f2f6abddfcddc97,granule,顆粒狀物，顆粒，微粒,IELTS,noun,,,,,,65,ai_initial:gpt-6-luna,"A relatively uncommon noun, though its meaning is clear in contexts involving small particles.",,,high,review_required,C:\Users\123\OneDrive\桌面\單字庫\雅思單字.txt,1986
98c60ac1a768ce22,come to grief,（常因事故而突然）慘遭失敗；遭受不幸,IELTS,idiom,,,,,,70,ai_initial:gpt-6-luna,This idiomatic phrase is less transparent than its individual words and means to fail or suffer misfortune.,,,high,review_required,C:\Users\123\OneDrive\桌面\單字庫\雅思單字.txt,1996
b1ae09fee844ed1d,grimace (with),（因疼痛或厭惡而）做鬼臉，做怪相,IELTS,verb,,,,,,40,ai_initial:gpt-6-luna,A moderately familiar verb for a visible reaction to pain or disgust; the meaning is clear from context.,,,high,review_required,C:\Users\123\OneDrive\桌面\單字庫\雅思單字.txt,2001
20b440ea167c1e95,be grounded in sth,根據，基於,IELTS,verbphrase,,,,,,60,ai_initial:gpt-6-luna,"The sense is clear, but the figurative phrase “be grounded in” is less basic than ordinary words for “based on.”",,,high,review_required,C:\Users\123\OneDrive\桌面\單字庫\雅思單字.txt,2009
4e0a4086ef599223,be anyone's guess,誰也不知道，誰也拿不準,IELTS,idiom,,,,,,65,ai_initial:gpt-6-luna,This idiomatic expression uses a familiar word in a less predictable sense.,,,high,review_required,C:\Users\123\OneDrive\桌面\單字庫\雅思單字.txt,2013
699cd1e9dd119a16,guise (of),（尤指為了欺騙而裝出的）外表，表現形式；偽裝,IELTS,noun,,,,,,75,ai_initial:gpt-6-luna,"A relatively formal, uncommon noun, often used in the fixed phrase “under the guise of” to mean a deceptive appearance or pretense.",,,high,review_required,C:\Users\123\OneDrive\桌面\單字庫\雅思單字.txt,2017
e790fbe41c4d816b,guzzle,濫吃；狂飲；狼吞虎嚥、在短時間內大量耗油,IELTS,verb,,,,,,55,ai_initial:gpt-6-luna,"A vivid, informal verb for consuming a lot quickly; less common than basic eating and drinking verbs.",,,high,review_required,C:\Users\123\OneDrive\桌面\單字庫\雅思單字.txt,2022
09ba19cf81c3a440,gynecocracy=matriarchy,由女性統治的社會，母權制社會，母系社會,IELTS,noun,,,,,,95,ai_initial:gpt-6-luna,"A rare, specialized term for a society or government ruled by women.",,,high,review_required,C:\Users\123\OneDrive\桌面\單字庫\雅思單字.txt,2023
b3894e24b5a0c34d,hale(=hale and hearty),（尤指老人）硬朗的，健壯的,IELTS,adjective,,,,,,75,ai_initial:gpt-6-luna,"An uncommon adjective, especially in this sense of being healthy and strong in old age.",,,high,review_required,C:\Users\123\OneDrive\桌面\單字庫\雅思單字.txt,2034
c622863ad24f42ad,harangue,高談闊論，熱烈的演說 / 長篇大論地演說；斥責,IELTS,verb,,,,,,75,ai_initial:gpt-6-luna,"An uncommon, formal verb meaning to deliver a long, forceful speech or to scold at length.",,,high,review_required,C:\Users\123\OneDrive\桌面\單字庫\雅思單字.txt,2038
f65c1909075f3ccb,hazard,危險物，危害物 / 冒險（尤指猜測、建議等）、使遭受危險,IELTS,noun/verb,,B1,CEFR-J vocabulary profile 1.5 (lemma/POS proxy; not sense-aligned),,,60,ai_initial:gpt-6-luna,"The word has several related but distinct uses, including a dangerous thing and risking a guess or suggestion.",,,high,review_required,C:\Users\123\OneDrive\桌面\單字庫\雅思單字.txt,2046
75b5773bd8053425,hemorrhage=haemorrhage,大出血,IELTS,noun,,,,,,65,ai_initial:gpt-6-luna,A medical term for severe bleeding; less familiar than common words for blood or bleeding.,,,high,review_required,C:\Users\123\OneDrive\桌面\單字庫\雅思單字.txt,2054
25a0c20a40b04bd3,hemorrhoids=haemorrhoids,痔瘡,IELTS,nounplural,,,,,,75,ai_initial:gpt-6-luna,A specific medical term that is less familiar than common everyday vocabulary.,,,high,review_required,C:\Users\123\OneDrive\桌面\單字庫\雅思單字.txt,2055
02cb53fb57b24268,homophone,同音詞（讀音相同，意義或寫法不同）,IELTS,noun,,,,,,60,ai_initial:gpt-6-luna,A specialized vocabulary term for words that share a pronunciation but differ in meaning or spelling.,,,high,review_required,C:\Users\123\OneDrive\桌面\單字庫\雅思單字.txt,2097
22df5f135bdfa420,horde (of),（人）群,IELTS,noun,,,,,,65,ai_initial:gpt-6-luna,"“Horde” is a less common noun for a large group of people, often suggesting a crowd gathered together.",,,high,review_required,C:\Users\123\OneDrive\桌面\單字庫\雅思單字.txt,2100
a51d7c2b00e54c24,hustle,推搡，推擠、（尤指非法地）兜攬（生意），兜售 / 充滿活力的行動、用不誠實的手段賺錢,IELTS,verb,,,,,,60,ai_initial:gpt-6-luna,A familiar word with several distinct meanings; understanding the intended sense depends on context.,,,high,review_required,C:\Users\123\OneDrive\桌面\單字庫\雅思單字.txt,2114
d38baf8fae353cb1,idiosyncrasy,癖好，怪癖；特徵,IELTS,noun,,,,100940,wordfreq 3.x large English combined frequency list; corpus rank (approximate),75,ai_initial:gpt-6-luna,"An uncommon, abstract noun for a distinctive personal habit or trait.",,,high,review_required,C:\Users\123\OneDrive\桌面\單字庫\雅思單字.txt,2144
6d684fa9454dec0e,illegal,非法的，違法的 / 非法（在其他國家生活或工作）居民,IELTS,adjective/noun,,A2,CEFR-J vocabulary profile 1.5 (lemma/POS proxy; not sense-aligned),,,50,ai_initial:gpt-6-luna,"The adjective is common, but using illegal as a noun for a person living or working in a country unlawfully is less common and can be considered dehumanizing.",,,high,review_required,C:\Users\123\OneDrive\桌面\單字庫\雅思單字.txt,2149
645bb15ca42dfe2e,illusive=illusory,虛假的，幻覺的，不實際的,IELTS,adjective,,,,,,65,ai_initial:gpt-6-luna,"“Illusive” is an uncommon adjective meaning unreal or deceptive, though the underlying idea is straightforward.",,,high,review_required,C:\Users\123\OneDrive\桌面\單字庫\雅思單字.txt,2162
a38d32064f9de10b,imbibe,喝，飲（尤指酒）、接收資訊，獲取資訊,IELTS,verb,,,,,,75,ai_initial:gpt-6-luna,"An uncommon, somewhat formal verb; using it to mean absorbing information is less familiar than ordinary alternatives.",,,high,review_required,C:\Users\123\OneDrive\桌面\單字庫\雅思單字.txt,2165
b4718cc55fd37a82,imbrue,（尤其指血）弄濕，弄濕透，弄髒,IELTS,verb,,,,,,95,ai_initial:gpt-6-luna,"A rare, literary verb meaning to stain or soak, especially with blood.",,,high,review_required,C:\Users\123\OneDrive\桌面\單字庫\雅思單字.txt,2167
0a28867ac360fb6f,immerse,使浸沒（+in）；給……施浸禮,IELTS,verb,,B2,CEFR-J vocabulary profile 1.5 (lemma/POS proxy; not sense-aligned),,,60,ai_initial:gpt-6-luna,“Immerse” is a moderately advanced verb; the baptismal sense is more specialized than ordinary everyday vocabulary.,,,high,review_required,C:\Users\123\OneDrive\桌面\單字庫\雅思單字.txt,2175
249354bb23c71b15,immerse …self in sth,埋頭做…、使浸沒（於）,IELTS,verb,,,,,,65,ai_initial:gpt-6-luna,“Immerse” in the sense of deeply involving oneself in an activity is moderately advanced vocabulary.,,,high,review_required,C:\Users\123\OneDrive\桌面\單字庫\雅思單字.txt,2176
dcafd50ba7f4212b,immigrate,（外來的）移民,IELTS,verb,,B1,CEFR-J vocabulary profile 1.5 (lemma/POS proxy; not sense-aligned),,,55,ai_initial:gpt-6-luna,"The headword is a verb, but the supplied Chinese gloss describes a person, so the intended sense is unclear.",,,low,review_required,C:\Users\123\OneDrive\桌面\單字庫\雅思單字.txt,2179
c38eb6ebab750ad1,imminence (of),急迫，危急,IELTS,noun,,,,,,75,ai_initial:gpt-6-luna,"An uncommon, formal abstract noun meaning that something is about to happen, often something dangerous.",,,high,review_required,C:\Users\123\OneDrive\桌面\單字庫\雅思單字.txt,2180
b1d07ef75e976246,immiscible (with/in),不能混合的，不互溶的（液體）,IELTS,adjective,,,,,,75,ai_initial:gpt-6-luna,An uncommon technical adjective used to describe liquids that do not mix.,,,high,review_required,C:\Users\123\OneDrive\桌面\單字庫\雅思單字.txt,2182
c28841bdcbb7c991,immortalize,使不朽，使名垂千古,IELTS,verb,,,,,,70,ai_initial:gpt-6-luna,A relatively uncommon verb meaning to preserve someone or something in lasting fame or memory.,,,high,review_required,C:\Users\123\OneDrive\桌面\單字庫\雅思單字.txt,2185
257ec03bd0923a4c,impersonate,（尤指為引人發笑）扮演，模仿、假冒，冒充,IELTS,verb,,,,,,65,ai_initial:gpt-6-luna,"A moderately advanced verb for deliberately imitating someone, often for comic effect.",,,high,review_required,C:\Users\123\OneDrive\桌面\單字庫\雅思單字.txt,2208
50e2cae6ec0a4ad8,imply,暗指，暗示、必然包含；使成為必需,IELTS,verb,,B2,CEFR-J vocabulary profile 1.5 (lemma/POS proxy; not sense-aligned),,,60,ai_initial:gpt-6-luna,The word can mean suggesting something indirectly or involving it as a necessary consequence; both uses are somewhat abstract.,,,medium,review_required,C:\Users\123\OneDrive\桌面\單字庫\雅思單字.txt,2222
f73681d05b389e9d,as sth implies,正如…所暗示的,IELTS,phrase,,,,,,50,ai_initial:gpt-6-luna,"The structure is straightforward, but understanding “implies” and the implied relationship takes some intermediate-level knowledge.",,,high,review_required,C:\Users\123\OneDrive\桌面\單字庫\雅思單字.txt,2223
7524423452d01274,importune,沒完沒了地強求，糾纏、賣春，（指妓女或男妓）招攬（客人）,IELTS,verb,,,,,,90,ai_initial:gpt-6-luna,A rare verb; the sense of soliciting clients for prostitution is especially uncommon.,,,medium,review_required,C:\Users\123\OneDrive\桌面\單字庫\雅思單字.txt,2227
368cae1c2a026a58,impregnate,使（固體）吸收（液體）；浸漬、使懷孕，使受孕,IELTS,verb,,,,,,75,ai_initial:gpt-6-luna,Uncommon and formal verb; the sense of making a solid absorb a liquid is specific.,,,high,review_required,C:\Users\123\OneDrive\桌面\單字庫\雅思單字.txt,2232
5a1e056e2cef1fc9,impute,歸罪於，歸咎於；歸因於；把（善行或罪孽）歸於,IELTS,verb,,,,,,85,ai_initial:gpt-6-luna,"A relatively uncommon, formal verb used to attribute blame or a cause to someone or something.",,,high,review_required,C:\Users\123\OneDrive\桌面\單字庫\雅思單字.txt,2245
e9ff4ada2624f1b9,impute sth to sb,把…歸咎於（某人），把…歸責於（某人）、認為…具有,IELTS,verb,,,,,,75,ai_initial:gpt-6-luna,"Impute is a relatively uncommon, formal verb meaning to attribute blame or responsibility to someone.",,,high,review_required,C:\Users\123\OneDrive\桌面\單字庫\雅思單字.txt,2246
c6377508a54fff8d,inaccessible (to),難到達的，無法去的、難懂的；難以欣賞的,IELTS,adjective,,,,,,60,ai_initial:gpt-6-luna,"An abstract, multi-sense adjective; the example illustrates the meaning “difficult to reach.”",,,high,review_required,C:\Users\123\OneDrive\桌面\單字庫\雅思單字.txt,2247
ba3345fa619a1d36,inadvisable (to),不可取的，不明智的,IELTS,adjective,,,,,,60,ai_initial:gpt-6-luna,A somewhat formal adjective meaning not wise or not recommended.,,,high,review_required,C:\Users\123\OneDrive\桌面\單字庫\雅思單字.txt,2253
cdbe833e3851edf5,incapacitate,使無能力（正常工作或做事）；使無法（做想做之事）,IELTS,verb,,,,,,70,ai_initial:gpt-6-luna,"A relatively uncommon, formal verb meaning to make someone unable to function or act normally.",,,high,review_required,C:\Users\123\OneDrive\桌面\單字庫\雅思單字.txt,2264
4cfad774d82aff5c,incompatible (with),不相容的；不能和諧相處的,IELTS,adjective,,,,,,55,ai_initial:gpt-6-luna,A moderately advanced adjective used to describe people or things that cannot coexist or get along harmoniously.,,,high,review_required,C:\Users\123\OneDrive\桌面\單字庫\雅思單字.txt,2290
02a3ac9ab894c08b,indigenous (to),當地的；本土的，土生土長的,IELTS,adjective,,,,,,60,ai_initial:gpt-6-luna,A relatively advanced adjective meaning native to a particular place.,,,high,review_required,C:\Users\123\OneDrive\桌面\單字庫\雅思單字.txt,2313
e14cec38768cf22f,indiscreet (about),輕率的，不慎重的；言行失檢的,IELTS,adjective,,,,,,65,ai_initial:gpt-6-luna,A relatively uncommon adjective describing speech or behavior that shows poor judgment or a lack of discretion.,,,high,review_required,C:\Users\123\OneDrive\桌面\單字庫\雅思單字.txt,2320
f6c6217fb5ae3cff,inefficient (at),低效率的；能力差的,IELTS,adjective,,,,,,50,ai_initial:gpt-6-luna,A moderately advanced adjective; “inefficient at” describes someone who performs an activity poorly or without good efficiency.,,,high,review_required,C:\Users\123\OneDrive\桌面\單字庫\雅思單字.txt,2335
af686250974e4b6d,infamous (for),臭名昭著的，聲名狼藉的,IELTS,adjective,,,,,,55,ai_initial:gpt-6-luna,"A moderately advanced adjective, often used with “for” to describe a person or place known for something bad.",,,high,review_required,C:\Users\123\OneDrive\桌面\單字庫\雅思單字.txt,2353
c0171ef18e7f1264,infidel,（尤被基督徒和穆斯林用來互指）異教徒,IELTS,noun,,,,,,75,ai_initial:gpt-6-luna,"Uncommon, formal religious vocabulary; the sense is clear but often carries a derogatory tone.",,,high,review_required,C:\Users\123\OneDrive\桌面\單字庫\雅思單字.txt,2358
f1ea3f046d187a33,influx (of),湧進；匯集,IELTS,noun,,,,,,65,ai_initial:gpt-6-luna,“Influx” is a moderately uncommon noun for a large number of people or things arriving or gathering.,,,high,review_required,C:\Users\123\OneDrive\桌面\單字庫\雅思單字.txt,2371
ba5d24f2c0ed6156,infrequence=infrequency,罕見,IELTS,noun,,,,,,80,ai_initial:gpt-6-luna,"“Infrequence” means rarity or uncommonness, but it is an uncommon word; “infrequency” is more usual.",,,medium,review_required,C:\Users\123\OneDrive\桌面\單字庫\雅思單字.txt,2372
35e1a8d9baf0511b,infringe,違反，違背（規定、法律等）,IELTS,verb,,B2,CEFR-J vocabulary profile 1.5 (lemma/POS proxy; not sense-aligned),,,70,ai_initial:gpt-6-luna,較正式且不算常見的動詞，常用於違反法律或規定的語境。,,,high,review_required,C:\Users\123\OneDrive\桌面\單字庫\雅思單字.txt,2374
09dc1c7a5c0cb36d,ingraft=engraft,嫁接；移植；灌輸,IELTS,verb,,,,,,90,ai_initial:gpt-6-luna,“Ingraft” is a rare variant of “engraft”; its figurative sense of instilling an idea is uncommon and formal.,,,high,review_required,C:\Users\123\OneDrive\桌面\單字庫\雅思單字.txt,2381
38003933b63508df,ingratiate (...self),討好，奉承,IELTS,verb,,,,,,80,ai_initial:gpt-6-luna,"An uncommon, formal verb meaning to gain favor through flattering or pleasing behavior.",,,high,review_required,C:\Users\123\OneDrive\桌面\單字庫\雅思單字.txt,2382
33ea2b7012a80c55,inimical (to),有害的；不利的；限制性的,IELTS,adjective,,,,,,85,ai_initial:gpt-6-luna,"A relatively rare, formal adjective meaning harmful or unfavorable, usually followed by “to.”",,,high,review_required,C:\Users\123\OneDrive\桌面\單字庫\雅思單字.txt,2391
f26b6fc372b6bcf2,inject,注射；給…注射(+into)、投入；增添；引入，帶來,IELTS,verb,,B1,CEFR-J vocabulary profile 1.5 (lemma/POS proxy; not sense-aligned),,,55,ai_initial:gpt-6-luna,"The basic medical sense is fairly familiar, while the figurative senses require recognizing how something can be added or introduced.",,,high,review_required,C:\Users\123\OneDrive\桌面\單字庫\雅思單字.txt,2394
7c7c3af68f7a12d9,be insensible of/to sth,對…無動於衷,IELTS,adjectivephrase,,,,,,70,ai_initial:gpt-6-luna,“Insensible to” meaning unmoved or indifferent is relatively uncommon and formal.,,,high,review_required,C:\Users\123\OneDrive\桌面\單字庫\雅思單字.txt,2416
177bd846c0471dc3,insinuate,含沙射影地說，影射,IELTS,verb,,,,,,75,ai_initial:gpt-6-luna,"This sense is an advanced, often negative use of “insinuate”: to suggest something indirectly.",,,high,review_required,C:\Users\123\OneDrive\桌面\單字庫\雅思單字.txt,2424
a60ec1ff8113caaf,insistence (on),堅決要求；堅持主張；堅持,IELTS,noun,,,,,,60,ai_initial:gpt-6-luna,An abstract noun for firmly demanding or maintaining something; the phrase “insistence on” may be less familiar to general learners.,,,high,review_required,C:\Users\123\OneDrive\桌面\單字庫\雅思單字.txt,2426
47a994fa5eca34f2,instigate,促使發生；發起,IELTS,verb,,,,,,70,ai_initial:gpt-6-luna,"A relatively uncommon verb, often used in formal contexts to mean causing or initiating something.",,,high,review_required,C:\Users\123\OneDrive\桌面\單字庫\雅思單字.txt,2435
f6ed44d491c4395d,insulate,使隔熱；使隔音；使絕緣(+against)、使隔絕，使隔離(+from),IELTS,verb,,,,,,55,ai_initial:gpt-6-luna,A moderately advanced verb with several related but distinct meanings.,,,high,review_required,C:\Users\123\OneDrive\桌面\單字庫\雅思單字.txt,2442
54732409c31a2787,"sb's artistic, professional, etc. integrity",（某人的）藝德／職業操守（等等）,IELTS,nounphrase,,,,,,55,ai_initial:gpt-6-luna,"The sense is clear, but the headword contains the placeholder “sb’s,” so a natural example using its exact spelling is not possible.",,,low,review_required,C:\Users\123\OneDrive\桌面\單字庫\雅思單字.txt,2450
cf23c9c4cce1b5bd,intension,增強；加劇；強度，烈度；決心；內涵,IELTS,noun,,,,,,85,ai_initial:gpt-6-luna,"“Intension” is a rare, specialized noun meaning a concept’s defining content; most supplied Chinese glosses appear to correspond to other words, so the intended sense is unclear.",,,low,review_required,C:\Users\123\OneDrive\桌面\單字庫\雅思單字.txt,2456
f8154e40161bc0e9,intercede,（為某人）求情，說情,IELTS,verb,,,,,,70,ai_initial:gpt-6-luna,"A relatively uncommon, formal verb meaning to plead on someone’s behalf.",,,high,review_required,C:\Users\123\OneDrive\桌面\單字庫\雅思單字.txt,2460
8455f1e09441e97d,intercept,攔截，截住,IELTS,verb,,,,,,60,ai_initial:gpt-6-luna,A somewhat formal verb for stopping or catching something while it is on its way; less common than simpler alternatives such as “stop.”,,,high,review_required,C:\Users\123\OneDrive\桌面\單字庫\雅思單字.txt,2461
c7280b7db548824a,interrogate,訊問，審問，盤問、（在電腦上）查詢,IELTS,verb,,,,,,70,ai_initial:gpt-6-luna,A relatively advanced verb; its technical database-query sense is specialized.,,,medium,review_required,C:\Users\123\OneDrive\桌面\單字庫\雅思單字.txt,2477
ce33379090ea42db,intervene,干涉，干預；調停、發生於其間(+between),IELTS,verb,,,,,,65,ai_initial:gpt-6-luna,"A somewhat formal verb with several related uses, including stepping in to mediate.",,,high,review_required,C:\Users\123\OneDrive\桌面\單字庫\雅思單字.txt,2484
76f062ef535f300d,intoxicate,使（某人）喝醉、使（某人）陶醉，興奮，略微失去控制,IELTS,verb,,,,,,70,ai_initial:gpt-6-luna,An uncommon verb with both literal and figurative senses; the intended sense is clear from the supplied definition.,,,high,review_required,C:\Users\123\OneDrive\桌面\單字庫\雅思單字.txt,2494
5565bd52a0afb47b,intricacy (of),錯綜複雜,IELTS,noun,,,,,,70,ai_initial:gpt-6-luna,"An abstract noun for a state of being complicated, especially because of many connected details.",,,high,review_required,C:\Users\123\OneDrive\桌面\單字庫\雅思單字.txt,2498
46fa8298c10e615f,intromit,使進入,IELTS,verb,,,,,,95,ai_initial:gpt-6-luna,"A rare, archaic verb meaning to admit or cause something to enter.",,,high,review_required,C:\Users\123\OneDrive\桌面\單字庫\雅思單字.txt,2505
2632023a603b0a70,inundate,使應接不暇(+with)、（洪水）淹沒,IELTS,verb,,,,,,75,ai_initial:gpt-6-luna,An uncommon verb with both literal and figurative uses; the figurative sense is less transparent to learners.,,,high,review_required,C:\Users\123\OneDrive\桌面\單字庫\雅思單字.txt,2513
25be819e05c0c9b2,inure sb to sth,使（某人）習慣於（令人不快的事物）,IELTS,verbphrase,,,,,,90,ai_initial:gpt-6-luna,"A formal, uncommon verb meaning to make someone accustomed to something unpleasant.",,,high,review_required,C:\Users\123\OneDrive\桌面\單字庫\雅思單字.txt,2516
44e84d9899672e5e,invasion (of),入侵，侵略、侵犯，侵擾,IELTS,noun,,,,,,50,ai_initial:gpt-6-luna,"A fairly common noun, though its formal and figurative uses may be less familiar to learners.",,,high,review_required,C:\Users\123\OneDrive\桌面\單字庫\雅思單字.txt,2521
26b5df1e481d0070,inveigh,猛烈抨擊；強烈抗議；痛罵,IELTS,verb,,,,,,85,ai_initial:gpt-6-luna,"A rare, formal verb meaning to speak or write angrily in opposition to something.",,,high,review_required,C:\Users\123\OneDrive\桌面\單字庫\雅思單字.txt,2523
0fc26c598a9ec887,inveigh against sb/sth,猛烈抨擊；痛駡,IELTS,verb,,,,,,85,ai_initial:gpt-6-luna,"A rare, formal verb meaning to criticize or denounce something vehemently.",,,high,review_required,C:\Users\123\OneDrive\桌面\單字庫\雅思單字.txt,2524
4143e71a79334742,invigorate,使精力充沛，使活躍,IELTS,verb,,,,,,70,ai_initial:gpt-6-luna,A less common verb for restoring energy or making someone feel more lively.,,,high,review_required,C:\Users\123\OneDrive\桌面\單字庫\雅思單字.txt,2533
5bcfe215f4b78d18,invoke,援引，借助（法律）、求助於，借助於（尤指法律）,IELTS,verb,,B2,CEFR-J vocabulary profile 1.5 (lemma/POS proxy; not sense-aligned),,,65,ai_initial:gpt-6-luna,"A relatively formal verb, especially in its legal sense of citing or relying on a law or right.",,,high,review_required,C:\Users\123\OneDrive\桌面\單字庫\雅思單字.txt,2536
cea47ffa6643a736,joggle,輕搖；嚙合 / 輕輕搖動、輕輕搖動；使嚙合,IELTS,verb,,,,,,85,ai_initial:gpt-6-luna,An uncommon verb; the light-shaking sense is clear but not familiar to most learners.,,,medium,review_required,C:\Users\123\OneDrive\桌面\單字庫\雅思單字.txt,2543
d9fa4ee526281f7c,journalize,寫入日記；記入流水帳,IELTS,verb,,,,,,85,ai_initial:gpt-6-luna,A relatively uncommon accounting verb; the supplied sense is clear.,,,high,review_required,C:\Users\123\OneDrive\桌面\單字庫\雅思單字.txt,2544
0a83582eb40818c8,in sb's judgment,在（某人）看來,IELTS,prepositionalphrase,,,,,,50,ai_initial:gpt-6-luna,"The phrase expresses a viewpoint; its meaning is fairly clear, though judgment may be less familiar to learners.",,,high,review_required,C:\Users\123\OneDrive\桌面\單字庫\雅思單字.txt,2548
5d630d290988efe0,joust (for),（舊時）馬上長槍比武（或打鬥）,IELTS,verb,,,,,,85,ai_initial:gpt-6-luna,"An uncommon, largely historical word for fighting on horseback with lances; the sense is clear but not familiar to many general English learners.",,,high,review_required,C:\Users\123\OneDrive\桌面\單字庫\雅思單字.txt,2564
8c97922590b1c383,juxtapose (with),把（不同的事物）並置，把…並列,IELTS,verb,,,,,,70,ai_initial:gpt-6-luna,"A relatively uncommon, formal verb for placing contrasting things side by side.",,,high,review_required,C:\Users\123\OneDrive\桌面\單字庫\雅思單字.txt,2567
14e0c6053d2d170c,knickknack,（尤指房子裡的）小裝飾物，小擺設,IELTS,noun,,,,,,65,ai_initial:gpt-6-luna,"A specific, relatively uncommon noun for a small decorative object.",,,high,review_required,C:\Users\123\OneDrive\桌面\單字庫\雅思單字.txt,2583
7339fe3596bae5de,no/not later than,早於某個時間；在某時間之前、在快結束的時候；在（某人）生命的晚期、較現代；相對近期的 / 再見！,IELTS,,,,,,,55,ai_initial:gpt-6-luna,The supplied headword phrase does not clearly match the multiple Chinese senses.,,,low,review_required,C:\Users\123\OneDrive\桌面\單字庫\雅思單字.txt,2610
af57466bd4fc411a,lave,洗；為……沐浴；（河流）沖洗,IELTS,verb,,,,,,90,ai_initial:gpt-6-luna,"“Lave” is an uncommon, literary verb, especially in the sense of water washing a shore or bank.",,,high,review_required,C:\Users\123\OneDrive\桌面\單字庫\雅思單字.txt,2620
4154893b1bcbeabe,leaven,使發酵、使變得有趣,IELTS,verb,,,,,,75,ai_initial:gpt-6-luna,Uncommon verb with both a literal fermentation sense and a figurative sense of making something more lively or interesting.,,,high,review_required,C:\Users\123\OneDrive\桌面\單字庫\雅思單字.txt,2627
e80f9363d4499172,lieu,場所,IELTS,noun,,,,,,85,ai_initial:gpt-6-luna,"“Lieu” is a rare, formal noun meaning “place,” but it is most commonly encountered in the fixed phrase “in lieu of,” meaning “instead of.”",,,low,review_required,C:\Users\123\OneDrive\桌面\單字庫\雅思單字.txt,2662
53f7b9cbe13d64d4,in lieu (of),替代，取代,IELTS,prepositionalphrase,,,,,,70,ai_initial:gpt-6-luna,"A formal expression meaning “instead of,” and less familiar than common alternatives.",,,high,review_required,C:\Users\123\OneDrive\桌面\單字庫\雅思單字.txt,2663
9a3d9417cfd8200b,liking (for),喜愛，喜歡,IELTS,noun,,,,,,35,ai_initial:gpt-6-luna,"The noun is fairly accessible, though learners may need to learn the common pattern “a liking for.”",,,high,review_required,C:\Users\123\OneDrive\桌面\單字庫\雅思單字.txt,2674
52af8d4fcc35c16f,loath (to),不願意的；不喜歡的,IELTS,adjective,,,,,,75,ai_initial:gpt-6-luna,"A relatively uncommon adjective, especially in the construction “loath to do something”; its meaning is clear but can be confused with “loathe.”",,,high,review_required,C:\Users\123\OneDrive\桌面\單字庫\雅思單字.txt,2708
8abe921d3aaf4d5c,be loath to do sth,不願做…，不情願做…,IELTS,adjectivephrase,,,,,,70,ai_initial:gpt-6-luna,"“Loath” is relatively uncommon and somewhat formal, though the construction has a clear meaning.",,,high,review_required,C:\Users\123\OneDrive\桌面\單字庫\雅思單字.txt,2709
748e4c23b271e720,luminary (of),（某一領域的）專家，知名人士,IELTS,noun,,,,,,75,ai_initial:gpt-6-luna,"“Luminary” is an uncommon, somewhat formal word for a famous and respected person in a field.",,,high,review_required,C:\Users\123\OneDrive\桌面\單字庫\雅思單字.txt,2733
a4c9173ce131a53d,luxuriate in,（尤指物質方面）享受，享用,IELTS,verbphrase,,,,,,75,ai_initial:gpt-6-luna,"An uncommon, somewhat formal verb phrase with a specific “enjoy greatly” sense.",,,high,review_required,C:\Users\123\OneDrive\桌面\單字庫\雅思單字.txt,2748
0e7374e55e7b7fb2,lyrics (for),（尤指流行歌曲的）歌詞,IELTS,nounplural,,,,,,35,ai_initial:gpt-6-luna,“Lyrics” is a fairly common word for the words of a song.,,,high,review_required,C:\Users\123\OneDrive\桌面\單字庫\雅思單字.txt,2752
f345d40dbfb2148b,maneuver=manoeuvre,操縱，控制、努力使（某人）以特定方式行事(+into) / 精巧動作、(+on)軍事演習、策略；花招；妙計,IELTS,verb,,,,,,65,ai_initial:gpt-6-luna,"A moderately advanced verb, especially in the pattern “maneuver someone into” doing something.",,,high,review_required,C:\Users\123\OneDrive\桌面\單字庫\雅思單字.txt,2793
efdc383849186e7b,mantel=mantelpiece,壁爐架；壁爐台,IELTS,noun,,,,,,55,ai_initial:gpt-6-luna,A relatively uncommon household term for the shelf above a fireplace.,,,high,review_required,C:\Users\123\OneDrive\桌面\單字庫\雅思單字.txt,2801
282349ce0d0a001f,maroon,帶帳篷旅行；闖蕩；閒逛、把……放逐到無人島上；使孤立無援；使無處可逃 / 逃亡黑奴；被放逐到孤島的人；孤立無援的人、褐(紫)紅色 / 褐(紫)紅色的,IELTS,adjective/noun/verb,,,,,,75,ai_initial:gpt-6-luna,"The supplied Chinese meanings combine several distinct senses and parts of speech, so the intended sense is unclear.",,,low,review_required,C:\Users\123\OneDrive\桌面\單字庫\雅思單字.txt,2808
6b8854fe6d95c3fb,masonry,石匠，石工、砌磚工；瓦工、共濟會成員,IELTS,noun,,,,,,70,ai_initial:gpt-6-luna,"The Chinese gloss describes a mason (a worker or Freemason); “masonry” usually refers to stonework or the craft of building with stone or brick, so the intended sense is unclear.",,,low,review_required,C:\Users\123\OneDrive\桌面\單字庫\雅思單字.txt,2813
61fb2f9514b51e30,massacre,大屠殺；殘殺、（尤指體育比賽中的）慘敗 / 大規模屠殺、（在比賽或競選中）徹底擊敗,IELTS,verb,,B2,CEFR-J vocabulary profile 1.5 (lemma/POS proxy; not sense-aligned),,,70,ai_initial:gpt-6-luna,The word is relatively advanced; its sports sense means to defeat an opponent decisively.,,,high,review_required,C:\Users\123\OneDrive\桌面\單字庫\雅思單字.txt,2816
d716e0364f52b231,mastery (of),完全的控制、熟練，精通,IELTS,noun,,,,,,60,ai_initial:gpt-6-luna,An abstract noun for complete control or a high degree of skill; moderately advanced for general learners.,,,high,review_required,C:\Users\123\OneDrive\桌面\單字庫\雅思單字.txt,2819
0a707b181541d243,materialize,突然出現、實現，成為現實,IELTS,verb,,,,,,70,ai_initial:gpt-6-luna,A moderately advanced verb meaning to become real or happen.,,,high,review_required,C:\Users\123\OneDrive\桌面\單字庫\雅思單字.txt,2822
f9066fc76e5c4422,meager=meagre,（數量）很少的，不足的,IELTS,adjective,,,,,,60,ai_initial:gpt-6-luna,“Meager” is a less common adjective meaning small in amount and insufficient.,,,high,review_required,C:\Users\123\OneDrive\桌面\單字庫\雅思單字.txt,2836
0193d67b276b60c3,meander,（河流、道路等）蜿蜒，迂迴曲折、漫步，閒逛；徘徊、（話題、過程或活動）無目的地進行 / 曲流，河曲、漫遊,IELTS,noun/verb,,,,,,60,ai_initial:gpt-6-luna,較不常見，且有多種相關用法。,,,high,review_required,C:\Users\123\OneDrive\桌面\單字庫\雅思單字.txt,2838
7e1c7e6b32974355,mediate (between),調解，調停，斡旋,IELTS,verb,,,,,,65,ai_initial:gpt-6-luna,A relatively formal verb for helping people resolve a disagreement.,,,high,review_required,C:\Users\123\OneDrive\桌面\單字庫\雅思單字.txt,2845
394a6615bf9f43db,memento (of),紀念物，紀念品，引起回憶的東西,IELTS,noun,,,,,,65,ai_initial:gpt-6-luna,“Memento” is an uncommon but fairly specific noun for something kept to prompt a memory.,,,high,review_required,C:\Users\123\OneDrive\桌面\單字庫\雅思單字.txt,2855
fa75314f6e6a9566,mete sth out,施加（懲罰）；使受苦；使受到不公平對待,IELTS,verbphrase,,,,,,75,ai_initial:gpt-6-luna,"A relatively formal, idiomatic phrase meaning to impose or administer something, especially punishment or unfair treatment.",,,high,review_required,C:\Users\123\OneDrive\桌面\單字庫\雅思單字.txt,2878
0e5202fe876bbf13,militate against sth,妨礙；對…產生不利影響,IELTS,verbphrase,,,,,,75,ai_initial:gpt-6-luna,"A formal, relatively uncommon expression meaning to hinder or have an adverse effect on something.",,,high,review_required,C:\Users\123\OneDrive\桌面\單字庫\雅思單字.txt,2904
e026e803b4d6d0f8,minority (of),少數,IELTS,noun,,,,,,55,ai_initial:gpt-6-luna,"A common noun, though less basic than everyday words for quantities.",,,high,review_required,C:\Users\123\OneDrive\桌面\單字庫\雅思單字.txt,2915
51dd92a44c860cba,minutia (pl. minutiae),細節；小事,IELTS,noun,,,,,,75,ai_initial:gpt-6-luna,"An uncommon, formal noun for a small detail or trivial matter.",,,high,review_required,C:\Users\123\OneDrive\桌面\單字庫\雅思單字.txt,2918
654a9517d02d2b30,misdemeanor,不正當的行為，不檢點的舉止,IELTS,noun,,,,,,70,ai_initial:gpt-6-luna,"An uncommon noun, and this sense of improper or indiscreet behavior is less familiar than its legal sense.",,,medium,review_required,C:\Users\123\OneDrive\桌面\單字庫\雅思單字.txt,2931
91b6ce303ff7ca89,mismanage,對…管理不善；對…處置不當,IELTS,verb,,,,,,55,ai_initial:gpt-6-luna,A moderately advanced verb formed from the familiar word “manage” with the prefix “mis-.”,,,high,review_required,C:\Users\123\OneDrive\桌面\單字庫\雅思單字.txt,2936
df0b612ce180fd34,misrepresent,不如實地敘述（或說明）；誤傳；歪曲；詐稱,IELTS,verb,,,,44523,wordfreq 3.x large English combined frequency list; corpus rank (approximate),65,ai_initial:gpt-6-luna,A relatively advanced verb meaning to describe or present something inaccurately or deceptively.,,,high,review_required,C:\Users\123\OneDrive\桌面\單字庫\雅思單字.txt,2941
8cfa43793416e8b0,moccasin,莫卡辛軟皮鞋，無後跟軟幫皮鞋,IELTS,noun,,,,,,70,ai_initial:gpt-6-luna,A specific type of soft leather shoe; less common than everyday footwear vocabulary.,,,high,review_required,C:\Users\123\OneDrive\桌面\單字庫\雅思單字.txt,2957
fc77329fbaf78943,modify,（稍作）修改，更改，改造，改變、修飾，限定,IELTS,verb,,B1,CEFR-J vocabulary profile 1.5 (lemma/POS proxy; not sense-aligned),,,35,ai_initial:gpt-6-luna,"A common verb for making a change, though its formal uses such as qualifying or limiting a statement may be less familiar.",,,high,review_required,C:\Users\123\OneDrive\桌面\單字庫\雅思單字.txt,2964
6c6e2fead34e03fc,molt=moult,（鳥或動物）脫毛；褪皮；換羽,IELTS,verb,,,,,,60,ai_initial:gpt-6-luna,A relatively uncommon biological term; the meaning is clear in context.,,,high,review_required,C:\Users\123\OneDrive\桌面\單字庫\雅思單字.txt,2968
56a1a952fc21e38a,monograph (on),專論，專題文章；專著,IELTS,noun,,,,,,75,ai_initial:gpt-6-luna,A specialized academic term for a detailed work focused on one subject; less familiar than common academic vocabulary.,,,high,review_required,C:\Users\123\OneDrive\桌面\單字庫\雅思單字.txt,2981
f296deaad40d99dd,monopoly (of/on),壟斷（機構）；專賣；獨佔,IELTS,noun,,,,,,65,ai_initial:gpt-6-luna,A moderately advanced word for exclusive control of a market or service.,,,high,review_required,C:\Users\123\OneDrive\桌面\單字庫\雅思單字.txt,2985
0b0df1a226b10f2d,moratorium (on),暫停，中止,IELTS,noun,,,,,,75,ai_initial:gpt-6-luna,"A relatively advanced, formal noun for a temporary pause or suspension.",,,high,review_required,C:\Users\123\OneDrive\桌面\單字庫\雅思單字.txt,2998
1ce07a3248cdd96e,multiplicity (of),多種多樣，多樣性,IELTS,noun,,,,,,65,ai_initial:gpt-6-luna,"An abstract, relatively uncommon noun meaning a great variety or diversity.",,,high,review_required,C:\Users\123\OneDrive\桌面\單字庫\雅思單字.txt,3015
084f828900a38970,mutilate,使殘缺不全；使傷殘、毀壞，使支離破碎,IELTS,verb,,,,,,75,ai_initial:gpt-6-luna,"A relatively uncommon, vivid verb for severely damaging or disfiguring something.",,,high,review_required,C:\Users\123\OneDrive\桌面\單字庫\雅思單字.txt,3023
a6190f2fdafbc5ab,myriad (of),無數，極大數量,IELTS,noun,,,,,,60,ai_initial:gpt-6-luna,“Myriad of” is a somewhat advanced way to express a very large number.,,,high,review_required,C:\Users\123\OneDrive\桌面\單字庫\雅思單字.txt,3025
ca2e70460de8443e,narrate,講（故事）；敘述,IELTS,verb,,B1,CEFR-J vocabulary profile 1.5 (lemma/POS proxy; not sense-aligned),,,45,ai_initial:gpt-6-luna,A moderately familiar verb for describing the act of telling a story or recounting events.,,,high,review_required,C:\Users\123\OneDrive\桌面\單字庫\雅思單字.txt,3033
0daba89c85e08b82,come naturally (to sb),（某人）似乎天生就會，輕而易舉地做,IELTS,verbphrase,,,,,,50,ai_initial:gpt-6-luna,"The words are common, but understanding the phrase as describing something that seems innate or effortless requires recognizing the idiom.",,,high,review_required,C:\Users\123\OneDrive\桌面\單字庫\雅思單字.txt,3043
214c0eb9817139e9,neglectful (of),疏忽的，不重視的,IELTS,adjective,,,,,,55,ai_initial:gpt-6-luna,“Neglectful of” is a moderately advanced adjective meaning not giving proper care or attention to something.,,,high,review_required,C:\Users\123\OneDrive\桌面\單字庫\雅思單字.txt,3066
f58d18a53b23aa77,negligee=negligée,（質地輕薄的）女式晨衣，女用睡袍,IELTS,noun,,,,,,75,ai_initial:gpt-6-luna,"A specialized, relatively uncommon word for a light, often delicate women's dressing gown.",,,high,review_required,C:\Users\123\OneDrive\桌面\單字庫\雅思單字.txt,3067
8a01dc3f4ca62d37,neocracy,無支配體制,IELTS,noun,,,,,,100,ai_initial:gpt-6-luna,"The supplied Chinese sense does not clearly match the usual meaning of “neocracy,” so the intended sense needs review.",,,low,review_required,C:\Users\123\OneDrive\桌面\單字庫\雅思單字.txt,3073
80d4747956241448,nestle,（使）安臥；（使）依偎(+against)、（使）位於，（使）坐落於（安全或隱蔽之處）(+between),IELTS,verb,,,,,,55,ai_initial:gpt-6-luna,"A moderately uncommon verb with several related, context-dependent senses.",,,high,review_required,C:\Users\123\OneDrive\桌面\單字庫\雅思單字.txt,3080
94cccae73040554e,network,網路，網狀系統、電腦網路 / 使（電腦）連網(+to)、（尤指工作中）建立關係網，建立人脈,IELTS,noun/verb,,B1,CEFR-J vocabulary profile 1.5 (lemma/POS proxy; not sense-aligned),,,55,ai_initial:gpt-6-luna,"A common word, though understanding its different technical and social senses takes some context.",,,high,review_required,C:\Users\123\OneDrive\桌面\單字庫\雅思單字.txt,3083
ba13667348087918,nomic,慣用的，普通的,IELTS,adjective,,,,,,90,ai_initial:gpt-6-luna,"“Nomic” is a rare word, and its usual sense relates to laws rather than clearly matching “慣用的，普通的.”",,,low,review_required,C:\Users\123\OneDrive\桌面\單字庫\雅思單字.txt,3100
fa3027f123cc1bee,nominate,（為選舉、工作、職位或榮譽）提名，推薦(+for/as)、提名（電影、歌曲、節目等）(for)、任命；指定(+as),IELTS,verb,,,,,,45,ai_initial:gpt-6-luna,"A moderately common verb, often used in formal contexts such as elections, jobs, and awards.",,,high,review_required,C:\Users\123\OneDrive\桌面\單字庫\雅思單字.txt,3102
22897951210406f8,notorious (for),臭名昭著的，聲名狼藉的,IELTS,adjective,,,,,,55,ai_initial:gpt-6-luna,A moderately advanced adjective meaning widely known for something bad; the “for” phrase introduces the cause of its bad reputation.,,,high,review_required,C:\Users\123\OneDrive\桌面\單字庫\雅思單字.txt,3117
b64bcaa37ecac512,nuance (of),（外表、意義、聲音等的）細微差別,IELTS,noun,,,,,,70,ai_initial:gpt-6-luna,"“Nuance” is a relatively advanced noun for a subtle difference in meaning, appearance, or sound.",,,high,review_required,C:\Users\123\OneDrive\桌面\單字庫\雅思單字.txt,3123
66b1dd63294194f7,the nucleus of sth,…的核心,IELTS,nounphrase,,,,,,50,ai_initial:gpt-6-luna,"The sense is clear, but “sth” is a placeholder, so a natural example using the exact supplied wording is not possible.",,,low,review_required,C:\Users\123\OneDrive\桌面\單字庫\雅思單字.txt,3125
d45936b8395d06e4,make a nuisance of …self,造成麻煩；惹人討厭,IELTS,verbphrase,,,,,,50,ai_initial:gpt-6-luna,"The individual words are common, but understanding the phrase’s idiomatic meaning takes some familiarity.",,,high,review_required,C:\Users\123\OneDrive\桌面\單字庫\雅思單字.txt,3130
07b649e71fabd772,obdurate (on),頑固的；執拗的、（某人或某物）倔強的；難辦的,IELTS,adjective,,,,,,80,ai_initial:gpt-6-luna,"An uncommon, formal adjective meaning stubborn or unwilling to change, especially about an issue.",,,high,review_required,C:\Users\123\OneDrive\桌面\單字庫\雅思單字.txt,3140
7cd77a1f1fb91ede,obligate (to),責成；強迫，迫使、（尤指按別人要求的去做以）討好，幫助，為…效勞,IELTS,verb,,,,,,65,ai_initial:gpt-6-luna,"The supplied definition combines the sense of “obligate” (require or compel) with senses more commonly associated with “oblige,” so the intended sense is unclear.",,,low,review_required,C:\Users\123\OneDrive\桌面\單字庫\雅思單字.txt,3147
c87f2dbc4a44b97f,obliterate,徹底毀掉，抹去，覆蓋（使不留痕跡）、忘卻，抹掉（想法或感情）,IELTS,verb,,,,,,75,ai_initial:gpt-6-luna,"A relatively uncommon, advanced verb meaning to destroy something completely.",,,high,review_required,C:\Users\123\OneDrive\桌面\單字庫\雅思單字.txt,3150
d0619afe689a60cc,obnoxious (to),可憎的，令人討厭的；粗魯無禮的,IELTS,adjective,,,,,,65,ai_initial:gpt-6-luna,"An uncommon adjective for someone or something offensive, unpleasant, or rudely annoying.",,,high,review_required,C:\Users\123\OneDrive\桌面\單字庫\雅思單字.txt,3153
a522b59c40855c4f,obsolescence,荒廢；退化,IELTS,noun,,,,,,75,ai_initial:gpt-6-luna,Obsolescence usually means the state of being outdated or no longer used; the supplied sense “荒廢；退化” is unclear for this word.,,,low,review_required,C:\Users\123\OneDrive\桌面\單字庫\雅思單字.txt,3159
a822a5b1d6972af3,obtrude (upon/on),（使）過分顯眼；攪擾,IELTS,verb,,,,,,80,ai_initial:gpt-6-luna,"An uncommon, formal verb meaning to intrude or impose oneself, often unwelcome.",,,high,review_required,C:\Users\123\OneDrive\桌面\單字庫\雅思單字.txt,3169
6b4b12e4e60038c2,obvert,使轉向（以呈現另一面）；使（命題）換質,IELTS,verb,,,,,,95,ai_initial:gpt-6-luna,"A very rare, specialized verb, especially in logic.",,,high,review_required,C:\Users\123\OneDrive\桌面\單字庫\雅思單字.txt,3171
02184e0a690402c4,ode (to/on),頌詩；頌歌,IELTS,noun,,,,,,70,ai_initial:gpt-6-luna,A literary term for a formal poem of praise; uncommon in everyday English.,,,high,review_required,C:\Users\123\OneDrive\桌面\單字庫\雅思單字.txt,3187
ad7824942b9d7a4f,officiate (at),主持（儀式或其他公眾活動）,IELTS,verb,,,,,,65,ai_initial:gpt-6-luna,"A relatively uncommon verb, especially in the pattern “officiate at” an event.",,,high,review_required,C:\Users\123\OneDrive\桌面\單字庫\雅思單字.txt,3194
89ee932de904bd6d,offshoot (of),分支；分支機構,IELTS,noun,,,,,,65,ai_initial:gpt-6-luna,The organizational sense is less common and more specialized than everyday words for a branch.,,,high,review_required,C:\Users\123\OneDrive\桌面\單字庫\雅思單字.txt,3196
bd4e7dd9b0ad329a,to hold out/offer/extend an olive branch,伸出橄欖枝,IELTS,verbphrase,,,,,,65,ai_initial:gpt-6-luna,"This idiom means making a friendly gesture to end a disagreement, so understanding it requires more than knowing the literal words.",,,high,review_required,C:\Users\123\OneDrive\桌面\單字庫\雅思單字.txt,3201
66abd960d2dfa6be,the onset of sth,（指不愉快的事情）的開始，發作,IELTS,nounphrase,,,,,,65,ai_initial:gpt-6-luna,“Onset” is a moderately advanced noun meaning the beginning or arrival of an often unpleasant event or condition.,,,high,review_required,C:\Users\123\OneDrive\桌面\單字庫\雅思單字.txt,3212
0700ba78b85e6c20,operate,（使）工作，（使）運行；運作；操作；起作用、開刀，動手術,IELTS,verb,,A2,CEFR-J vocabulary profile 1.5 (lemma/POS proxy; not sense-aligned),,,50,ai_initial:gpt-6-luna,"A common verb with several distinct senses; its basic meanings are accessible, but understanding it across contexts takes some familiarity.",,,high,review_required,C:\Users\123\OneDrive\桌面\單字庫\雅思單字.txt,3217
9973b6519a9eb211,opportune (to),（時間）合適的，恰當的，適宜的,IELTS,adjective,,,,,,70,ai_initial:gpt-6-luna,"A relatively uncommon, somewhat formal adjective meaning suitable or well-timed.",,,high,review_required,C:\Users\123\OneDrive\桌面\單字庫\雅思單字.txt,3223
030adf2e1c4d0caf,act/play/star opposite sb,（在電影或戲劇中）與（某人）聯袂演出，與（某人）合演,IELTS,verbphrase,,,,,,65,ai_initial:gpt-6-luna,"The phrase has a specific, somewhat idiomatic acting sense: performing alongside another actor in a film or play.",,,high,review_required,C:\Users\123\OneDrive\桌面\單字庫\雅思單字.txt,3227
5525fa4165aba6ec,have no option (but to do something),別無選擇（只能做…）,IELTS,verbphrase,,,,,,40,ai_initial:gpt-6-luna,"The phrase is fairly transparent, though learners need to know the construction “have no option but to.”",,,high,review_required,C:\Users\123\OneDrive\桌面\單字庫\雅思單字.txt,3234
81bfeb45a3cbfdc5,originate,起源，發源，發端；產生、最早開始；創始，開創,IELTS,verb,,B2,CEFR-J vocabulary profile 1.5 (lemma/POS proxy; not sense-aligned),,,60,ai_initial:gpt-6-luna,A moderately advanced verb for describing where or how something first began.,,,high,review_required,C:\Users\123\OneDrive\桌面\單字庫\雅思單字.txt,3253
31537a464484cb6a,ought (to),（表示義務，責任等）應當，應該；（表示願望）應該，該,IELTS,modalverb,,,,,,45,ai_initial:gpt-6-luna,"Common modal meaning “should,” though its obligation nuance and use with “to” may require some learning.",,,high,review_required,C:\Users\123\OneDrive\桌面\單字庫\雅思單字.txt,3266
95f654f5168e3f22,oust (from),將…趕下臺，罷免，廢黜；趕走；淘汰,IELTS,verb,,,,,,60,ai_initial:gpt-6-luna,"A somewhat formal verb for removing someone from power or a position, though it also means driving out or eliminating.",,,high,review_required,C:\Users\123\OneDrive\桌面\單字庫\雅思單字.txt,3267
6dee1de6500ab28f,outbreak (of),（尤指疾病、危險或不快之事的）發作，暴發，突然發生,IELTS,noun,,,,,,50,ai_initial:gpt-6-luna,"A fairly common noun for the sudden start or spread of something, especially an illness or trouble.",,,high,review_required,C:\Users\123\OneDrive\桌面\單字庫\雅思單字.txt,3269
0a15d12bb189d013,outburst (of),（尤指憤怒情緒的）爆發，迸發,IELTS,noun,,,,,,50,ai_initial:gpt-6-luna,“Outburst” is a moderately advanced noun; the phrase “outburst of” commonly introduces a sudden expression of strong emotion.,,,high,review_required,C:\Users\123\OneDrive\桌面\單字庫\雅思單字.txt,3270
7bc6235483a9db0b,outlast,比…活得長；比…持續時間長,IELTS,verb,,,,,,50,ai_initial:gpt-6-luna,"A fairly transparent verb meaning to last longer than something, though it is less common than basic duration verbs.",,,high,review_required,C:\Users\123\OneDrive\桌面\單字庫\雅思單字.txt,3275
5683f8a5124004f4,outride,一音步內之輕音節；騎馬外出；短程旅行,IELTS,,,,,,,65,ai_initial:gpt-6-luna,"The supplied Chinese gloss combines a prosodic term with riding or travel senses, and I cannot confidently match them to “outride.”",,,low,review_required,C:\Users\123\OneDrive\桌面\單字庫\雅思單字.txt,3283
8ccc35930c319855,outstrip,（在數量、程度或成就上）超過，勝過,IELTS,verb,,,,,,70,ai_initial:gpt-6-luna,A relatively uncommon verb meaning to exceed something in amount or level.,,,high,review_required,C:\Users\123\OneDrive\桌面\單字庫\雅思單字.txt,3288
14b3546dce9e645d,overdose,（一次用藥的）過量，超劑量(+of)、過量，太多 / 過量服藥、吃得太多(+on),IELTS,noun/verb,,,,,,55,ai_initial:gpt-6-luna,"A fairly common word, though its medical sense and the pattern “overdose on” may be unfamiliar to some learners.",,,high,review_required,C:\Users\123\OneDrive\桌面\單字庫\雅思單字.txt,3291
0153f136c0587946,overpower,（以力氣或權力）制服，壓倒，征服、（味道或感情）壓倒，使無法忍受,IELTS,verb,,,,,,65,ai_initial:gpt-6-luna,A moderately advanced verb with several related senses; the intended meaning is conveyed by context.,,,high,review_required,C:\Users\123\OneDrive\桌面\單字庫\雅思單字.txt,3298
10b7f7f21c2bdd24,overreach,因伸展過長而超越、伸得過遠；詐騙,IELTS,verb,,,,,,65,ai_initial:gpt-6-luna,A less common verb with several related senses; the supplied physical-extension sense is understandable from context.,,,medium,review_required,C:\Users\123\OneDrive\桌面\單字庫\雅思單字.txt,3300
1ec15b8b1464b051,overreach …self,自不量力，好高騖遠；貪功致敗,IELTS,verb,,,,,,60,ai_initial:gpt-6-luna,"“Overreach oneself” is a moderately advanced expression for attempting more than one can manage, often with failure as a result.",,,high,review_required,C:\Users\123\OneDrive\桌面\單字庫\雅思單字.txt,3301
3e91f297a00311d8,oversee,監督；監察；監管,IELTS,verb,,,,,,55,ai_initial:gpt-6-luna,"A common workplace verb, but less basic than everyday verbs such as “watch” or “manage.”",,,high,review_required,C:\Users\123\OneDrive\桌面\單字庫\雅思單字.txt,3303
ba6afc15312b7f13,overshadow,使黯然失色；使相形見絀；使蒙上陰影、（建築物）遮蔽，遮暗,IELTS,verb,,B2,CEFR-J vocabulary profile 1.5 (lemma/POS proxy; not sense-aligned),,,55,ai_initial:gpt-6-luna,A moderately advanced verb with both figurative and literal uses; the supplied sense is clear.,,,high,review_required,C:\Users\123\OneDrive\桌面\單字庫\雅思單字.txt,3305
615bb3a112bea478,paly,蒼白的；發青的,IELTS,adjective,,,,,,50,ai_initial:gpt-6-luna,“Paly” does not confidently match the supplied meaning; it may be a typo for “pale.”,,,low,review_required,C:\Users\123\OneDrive\桌面\單字庫\雅思單字.txt,3327
609e8e1f3ad687f4,pamphleteer,寫小冊子；評論時事 / 小冊子作者,IELTS,verb,,,,,,85,ai_initial:gpt-6-luna,"“Pamphleteer” is an uncommon word meaning to write pamphlets, often about current affairs.",,,high,review_required,C:\Users\123\OneDrive\桌面\單字庫\雅思單字.txt,3329
1da9d7a36ca18e95,panoply (of),琳琅滿目；數量繁多,IELTS,noun,,,,,,80,ai_initial:gpt-6-luna,"“Panoply” is an uncommon, somewhat literary word meaning an impressive variety or abundance.",,,high,review_required,C:\Users\123\OneDrive\桌面\單字庫\雅思單字.txt,3337
7025d4bf61e7a419,pantheon (of),（某一領域的）名流，名人，重要人物,IELTS,noun,,,,,,80,ai_initial:gpt-6-luna,The figurative sense of “pantheon” for a group of celebrated or influential people is uncommon and somewhat literary.,,,high,review_required,C:\Users\123\OneDrive\桌面\單字庫\雅思單字.txt,3340
91d6e19950c5ff0b,paragon (of),完人，盡善盡美的模範（或典型）,IELTS,noun,,,,,,85,ai_initial:gpt-6-luna,"“Paragon” is an uncommon, somewhat formal word for a perfect example or model of a quality.",,,high,review_required,C:\Users\123\OneDrive\桌面\單字庫\雅思單字.txt,3347
f572cd0a87bac581,paralyze=paralyse,使麻痺，使癱瘓、使喪失活動力；使不能正常運作；使陷入癱瘓,IELTS,verb,,,,,,65,ai_initial:gpt-6-luna,A moderately advanced verb with both literal and figurative uses; the supplied sense includes rendering someone unable to act or function normally.,,,high,review_required,C:\Users\123\OneDrive\桌面\單字庫\雅思單字.txt,3353
87f13368f40659ca,parity (with),（尤指薪水或職位的）同等，平等,IELTS,noun,,,,,,70,ai_initial:gpt-6-luna,"An abstract term, especially common in discussions of equal pay or status.",,,high,review_required,C:\Users\123\OneDrive\桌面\單字庫\雅思單字.txt,3363
66a74b5b2611fc8c,paroxysm (of),（尤指不可控制的感情）突發,IELTS,noun,,,,,,80,ai_initial:gpt-6-luna,"An uncommon, formal word for a sudden, intense outburst, especially of emotion.",,,high,review_required,C:\Users\123\OneDrive\桌面\單字庫\雅思單字.txt,3370
9f2178dd61588b85,parse,對（句子）作文法分析,IELTS,verb,,,,,,60,ai_initial:gpt-6-luna,This is a specialized grammatical sense that may be unfamiliar to general learners.,,,high,review_required,C:\Users\123\OneDrive\桌面\單字庫\雅思單字.txt,3372
91533ded7b709dc5,participate (in),參與，參加,IELTS,verb,,,,,,35,ai_initial:gpt-6-luna,A common verb for taking part in an activity; the phrase is generally accessible to intermediate learners.,,,high,review_required,C:\Users\123\OneDrive\桌面\單字庫\雅思單字.txt,3376
c126062899934b52,patronize,屈尊俯就地對待；對…擺出高人一等的姿態、經常光顧，經常惠顧（商店、餐館等）,IELTS,verb,,,,,,75,ai_initial:gpt-6-luna,"A relatively advanced verb with distinct meanings, including treating someone condescendingly and frequenting a business.",,,high,review_required,C:\Users\123\OneDrive\桌面\單字庫\雅思單字.txt,3389
821e26b92ee32993,patter,發出輕快的拍打聲，發出啪嗒啪嗒聲 / （表演娛樂節目或推銷商品時說的）順口溜，連續不間斷的說詞、急促的輕拍聲,IELTS,verb,,,,,,65,ai_initial:gpt-6-luna,"A less common verb for making a quick, light tapping sound; the word also has other senses.",,,high,review_required,C:\Users\123\OneDrive\桌面\單字庫\雅思單字.txt,3391
0918065b6d83613b,paucity (of),少數；少量；缺乏,IELTS,noun,,,,,,75,ai_initial:gpt-6-luna,"An uncommon, fairly formal noun meaning a shortage or lack of something.",,,high,review_required,C:\Users\123\OneDrive\桌面\單字庫\雅思單字.txt,3392
2e4075db8e051806,pauper,窮人，貧民,IELTS,noun,,,,,,70,ai_initial:gpt-6-luna,"An uncommon word for a very poor person, often with a somewhat formal or literary tone.",,,high,review_required,C:\Users\123\OneDrive\桌面\單字庫\雅思單字.txt,3393
654eca602bbdd32a,peddle,叫賣，挨戶兜售；兜售（理論等），散播（傳聞等）、沿街叫賣，挨戶兜售；忙於瑣事,IELTS,verb,,,,,,65,ai_initial:gpt-6-luna,"The selling and rumor-spreading senses are clear, but “忙於瑣事” appears mismatched.",,,medium,review_required,C:\Users\123\OneDrive\桌面\單字庫\雅思單字.txt,3409
f72eed699ac3e923,penchant (for),偏好，傾向，嗜好,IELTS,noun,,,,,,65,ai_initial:gpt-6-luna,"A relatively uncommon abstract noun, usually used in the phrase “a penchant for.”",,,high,review_required,C:\Users\123\OneDrive\桌面\單字庫\雅思單字.txt,3422
538f340b5a42f608,perambulate,漫步，徜徉,IELTS,verb,,,,,,75,ai_initial:gpt-6-luna,"An uncommon, formal verb meaning to stroll or wander about.",,,high,review_required,C:\Users\123\OneDrive\桌面\單字庫\雅思單字.txt,3444
3f7034c6a0dffbd8,perceive,認為；看待；視為、察覺，注意到，意識到,IELTS,verb,,B2,CEFR-J vocabulary profile 1.5 (lemma/POS proxy; not sense-aligned),,,60,ai_initial:gpt-6-luna,An abstract verb used to mean either noticing something or regarding it in a particular way.,,,high,review_required,C:\Users\123\OneDrive\桌面\單字庫\雅思單字.txt,3445
69faf636442d2ac1,perjure …self,（在法庭）作偽證,IELTS,verb,,,,,,80,ai_initial:gpt-6-luna,"“Perjure oneself” is an uncommon, formal verb meaning to lie under oath in court.",,,high,review_required,C:\Users\123\OneDrive\桌面\單字庫\雅思單字.txt,3466
93c70ac4a95ae5da,permeate (into),滲透；瀰漫；遍佈；充滿,IELTS,verb,,,,,,70,ai_initial:gpt-6-luna,A relatively uncommon verb meaning to spread through or fill a place.,,,high,review_required,C:\Users\123\OneDrive\桌面\單字庫\雅思單字.txt,3470
4fb9d1a0ea38ce95,permutation (of),（數學的）排列，置換，組合、（幾種中的）一種,IELTS,noun,,,,,,75,ai_initial:gpt-6-luna,A specialized mathematical term; understanding it requires knowing that a permutation is an arrangement of items in a particular order.,,,medium,review_required,C:\Users\123\OneDrive\桌面\單字庫\雅思單字.txt,3472
bd2284dce4e0217a,persistence (of),持續存在；堅持不懈，執意,IELTS,noun,,,,,,55,ai_initial:gpt-6-luna,An abstract noun of moderate difficulty; the example shows something continuing to exist.,,,high,review_required,C:\Users\123\OneDrive\桌面\單字庫\雅思單字.txt,3483
570c6a7124966ffd,personage,大人物，要人；名人,IELTS,noun,,,,,,75,ai_initial:gpt-6-luna,"A relatively uncommon, formal word for an important or famous person.",,,high,review_required,C:\Users\123\OneDrive\桌面\單字庫\雅思單字.txt,3484
7c9f7c4f28e30fd6,get/keep sth in perspective,恰當地估計；合理地評價；正確地看待,IELTS,idiomaticverbphrase,,,,,,60,ai_initial:gpt-6-luna,The phrase uses familiar words but has an idiomatic meaning that may not be obvious to learners.,,,high,review_required,C:\Users\123\OneDrive\桌面\單字庫\雅思單字.txt,3492
a015dd5ff6b1f899,put sth in(to) perspective,客觀地比較；客觀地審查,IELTS,verbphrase,,,,,,65,ai_initial:gpt-6-luna,This idiom requires understanding that something is being judged in relation to other relevant facts or circumstances.,,,high,review_required,C:\Users\123\OneDrive\桌面\單字庫\雅思單字.txt,3493
4ca5fdbe3fcee233,persuade,勸服；說服,IELTS,verb,,B1,CEFR-J vocabulary profile 1.5 (lemma/POS proxy; not sense-aligned),,,40,ai_initial:gpt-6-luna,A common verb for convincing someone to do something; its meaning is fairly straightforward.,,,high,review_required,C:\Users\123\OneDrive\桌面\單字庫\雅思單字.txt,3501
7dd96f98844aec5c,pertinent (to),有關的，直接相關的,IELTS,adjective,,,,,,60,ai_initial:gpt-6-luna,A somewhat formal adjective meaning directly relevant to a subject.,,,high,review_required,C:\Users\123\OneDrive\桌面\單字庫\雅思單字.txt,3505
0170f6cb2a0bb13e,petrify,把…嚇呆，使驚呆、變成石狀物，石化,IELTS,verb,,,,,,70,ai_initial:gpt-6-luna,An uncommon verb with figurative and literal senses; its meaning is clear from context.,,,high,review_required,C:\Users\123\OneDrive\桌面\單字庫\雅思單字.txt,3521
129f32ee0d50ba57,philosophize (about),高談闊論；賣弄大道理,IELTS,verb,,,,,,75,ai_initial:gpt-6-luna,"An uncommon, relatively abstract verb used here with a dismissive sense.",,,medium,review_required,C:\Users\123\OneDrive\桌面\單字庫\雅思單字.txt,3537
49bdec12a4c417db,the philosophy of sth,（某學科的）基本原理,IELTS,nounphrase,,,,,,65,ai_initial:gpt-6-luna,"“Philosophy” is an abstract, relatively advanced word, and this phrase refers to the foundational principles of a subject.",,,high,review_required,C:\Users\123\OneDrive\桌面\單字庫\雅思單字.txt,3539
4f07a114138899eb,pillage (from),（尤指在戰爭中）掠奪，搶劫，劫掠,IELTS,,,,,,,,,,,,,review_required,C:\Users\123\OneDrive\桌面\單字庫\雅思單字.txt,3562
cdda353515c2ec5d,pillory,嚴厲抨擊；（尤指）公開批評,IELTS,verb,,,,,,75,ai_initial:gpt-6-luna,An uncommon verb used figuratively for publicly criticizing someone harshly.,,,high,review_required,C:\Users\123\OneDrive\桌面\單字庫\雅思單字.txt,3563
a4e90b6fee535080,pinnacle (of),極點；頂點，頂峰、（建築物的）尖頂，小尖塔；山頂,IELTS,noun,,,,,,70,ai_initial:gpt-6-luna,"An uncommon, somewhat formal noun; the example uses the sense “頂峰／極點.”",,,high,review_required,C:\Users\123\OneDrive\桌面\單字庫\雅思單字.txt,3567
097096beca8a92d8,pioneer (of),先驅，先鋒，創始人 / 做先鋒，當開拓者，倡導,IELTS,noun/verb,,,,,,55,ai_initial:gpt-6-luna,"A familiar word, but its figurative senses and use with “of” may be less familiar to learners.",,,high,review_required,C:\Users\123\OneDrive\桌面\單字庫\雅思單字.txt,3568
8dc8c3b7f848d232,pique,使生氣，激怒；刺激，激起（好奇心等） / （尤指因自尊心受損而產生的）不悅，生氣,IELTS,noun/verb,,,,,,75,ai_initial:gpt-6-luna,A relatively uncommon word with distinct verb and noun senses; its meaning can depend on context.,,,high,review_required,C:\Users\123\OneDrive\桌面\單字庫\雅思單字.txt,3571
578af0aedccfe583,pleasant (to),令人愉快的；宜人的；親切友好的,IELTS,adjective,,,,,,35,ai_initial:gpt-6-luna,"A common adjective with familiar meanings, though learners may need to learn its use for people and experiences.",,,high,review_required,C:\Users\123\OneDrive\桌面\單字庫\雅思單字.txt,3588
3eb90cd82235e068,have/win a plurality,（在選舉中）獲得相對多數票,IELTS,verbphrase,,,,,,65,ai_initial:gpt-6-luna,"“Plurality” is a specialized election term, and the phrase refers specifically to receiving more votes than any other candidate, not necessarily a majority.",,,high,review_required,C:\Users\123\OneDrive\桌面\單字庫\雅思單字.txt,3602
08c54ead22a86914,polyhedron (pl. polyhedra=polyhedron),多面體,IELTS,noun,,,,,,75,ai_initial:gpt-6-luna,"A specialized geometry term, though its meaning is clear in context.",,,high,review_required,C:\Users\123\OneDrive\桌面\單字庫\雅思單字.txt,3621
7b27e04e7a970207,pomposity=pompousness,妄自尊大，自以爲是,IELTS,noun,,,,,,75,ai_initial:gpt-6-luna,A relatively uncommon abstract noun meaning an exaggerated sense of one's own importance.,,,high,review_required,C:\Users\123\OneDrive\桌面\單字庫\雅思單字.txt,3626
5e07bd8e1b57ea91,portent (of),凶兆，征兆，迹象,IELTS,noun,,,,,,75,ai_initial:gpt-6-luna,"An uncommon, somewhat literary noun for a sign that something (often something bad) is going to happen.",,,high,review_required,C:\Users\123\OneDrive\桌面\單字庫\雅思單字.txt,3634
86195fb18ad8797b,posit,假想，設想,IELTS,verb,,,,,,75,ai_initial:gpt-6-luna,"A relatively uncommon, formal verb meaning to assume or propose something as a possibility.",,,high,review_required,C:\Users\123\OneDrive\桌面\單字庫\雅思單字.txt,3637
c85a3427ce3994f6,be in a position to do sth,（通常指因為有經驗、權威和金錢而）能夠做…,IELTS,verbalphrase,,,,,,60,ai_initial:gpt-6-luna,"The phrase has an idiomatic sense and commonly implies having the experience, authority, or resources needed to act.",,,high,review_required,C:\Users\123\OneDrive\桌面\單字庫\雅思單字.txt,3639
d2eb2133e3cf5730,get/take possession of sth,佔有，擁有,IELTS,verbphrase,,,,,,65,ai_initial:gpt-6-luna,A moderately advanced phrase for acquiring or having ownership of something.,,,high,review_required,C:\Users\123\OneDrive\桌面\單字庫\雅思單字.txt,3644
9be69f876ba18bb7,possessor (of),持有人，擁有人，所有人,IELTS,noun,,,,,,70,ai_initial:gpt-6-luna,"“Possessor” is an uncommon, somewhat formal word for someone who owns or holds something.",,,high,review_required,C:\Users\123\OneDrive\桌面\單字庫\雅思單字.txt,3646
7e0089b073d263d2,as … as possible,盡可能...的,IELTS,degreeconstruction,,,,,,30,ai_initial:gpt-6-luna,"A common, useful construction; learners need to understand how it modifies an adjective or adverb.",,,high,review_required,C:\Users\123\OneDrive\桌面\單字庫\雅思單字.txt,3648
470193b605ea70a5,postdate,發生（或存在）於…之後；（時間上）後於、在（支票、信件等文件）上把日期填遲；預填…的日期,IELTS,verb,,,,,,75,ai_initial:gpt-6-luna,"A relatively uncommon verb, especially in its document-dating sense.",,,high,review_required,C:\Users\123\OneDrive\桌面\單字庫\雅思單字.txt,3649
5baeaddc6dd51f7f,practicable (to),能實行的，可行的,IELTS,adjective,,,,,,60,ai_initial:gpt-6-luna,"“Practicable” means capable of being put into practice, and is less common than “practical.”",,,high,review_required,C:\Users\123\OneDrive\桌面\單字庫\雅思單字.txt,3659
d355b764bb41c25c,precipitate,促成；使突如其來地發生；加速…的發生、使急落直下，使陡然下落、（使）沉澱，（使）澱析 / 沉澱物，析出物質 / 倉促的，貿然的，輕率的,IELTS,verb,,,,,,75,ai_initial:gpt-6-luna,"This is a formal, relatively uncommon verb meaning to cause something to happen suddenly; the supplied entry also includes several other senses.",,,medium,review_required,C:\Users\123\OneDrive\桌面\單字庫\雅思單字.txt,3672
6cdfe4bd409c6734,preclude (from),排除，防止，杜絕；阻礙,IELTS,verb,,,,,,75,ai_initial:gpt-6-luna,“Preclude” is a formal verb meaning to prevent something from happening or someone from doing something.,,,high,review_required,C:\Users\123\OneDrive\桌面\單字庫\雅思單字.txt,3675
6a923126034a99c5,precursor (of/to),先驅，先鋒；先兆，前兆,IELTS,noun,,,,,,70,ai_initial:gpt-6-luna,A moderately advanced noun meaning something that comes before and signals or leads to something else.,,,high,review_required,C:\Users\123\OneDrive\桌面\單字庫\雅思單字.txt,3677
5d36ac1cf85738f0,be predicated on sth,基於，取決於,IELTS,verbphrase,,,,,,75,ai_initial:gpt-6-luna,"A formal, relatively uncommon expression meaning that something is based on or depends on a particular condition.",,,high,review_required,C:\Users\123\OneDrive\桌面\單字庫\雅思單字.txt,3682
5825f3cfd79ad3c5,a predominance of sth,（數量的）優勢，普遍,IELTS,nounphrase,,,,,,65,ai_initial:gpt-6-luna,“Predominance” is a relatively uncommon abstract noun; the phrase means that one group is present in greater numbers or is more widespread.,,,high,review_required,C:\Users\123\OneDrive\桌面\單字庫\雅思單字.txt,3686
bd120ef74e2621ec,preengage,先約，預約,IELTS,verb,,,,,,85,ai_initial:gpt-6-luna,"The sense is understandable, but “preengage” is an uncommon verb.",,,medium,review_required,C:\Users\123\OneDrive\桌面\單字庫\雅思單字.txt,3692
d9d7d43ffffd28cb,a preface to sth,…的序幕（或前奏）,IELTS,nounphrase,,,,,,60,ai_initial:gpt-6-luna,"The figurative sense is understandable from context, but “preface” and this use are less familiar than everyday vocabulary.",,,high,review_required,C:\Users\123\OneDrive\桌面\單字庫\雅思單字.txt,3697
8c3623fd415bf42d,preferable (to),更可取的，更好的，較合適的,IELTS,adjective,,,,,,55,ai_initial:gpt-6-luna,"A moderately advanced adjective, often used in the pattern “preferable to.”",,,high,review_required,C:\Users\123\OneDrive\桌面\單字庫\雅思單字.txt,3700
6dac9c21a6bdb3c4,in preference to sth,優先於；而不是,IELTS,prepositionalphrase,,,,,,55,ai_initial:gpt-6-luna,The phrase is somewhat formal and expresses choosing one thing rather than another.,,,high,review_required,C:\Users\123\OneDrive\桌面\單字庫\雅思單字.txt,3702
daa24aff174e95cb,without prejudice to sth,對…沒有不利，無損於,IELTS,prepositionalphrase,,,,,,75,ai_initial:gpt-6-luna,"A formal, often legal expression meaning that something does not affect or harm a right or claim.",,,high,review_required,C:\Users\123\OneDrive\桌面\單字庫\雅思單字.txt,3710
ec2f9d96038a70df,preordain (to),（尤指超越凡人的力量）預先決定，預先規定，註定,IELTS,verb,,,,,,75,ai_initial:gpt-6-luna,"An uncommon, abstract verb, especially in the sense of fate being decided by a power beyond human control.",,,high,review_required,C:\Users\123\OneDrive\桌面\單字庫\雅思單字.txt,3720
447798d6dc9d8cf0,preponderate,佔優勢、勝過；壓倒,IELTS,verb,,,,,,85,ai_initial:gpt-6-luna,"A rare, formal verb meaning to outweigh or predominate.",,,high,review_required,C:\Users\123\OneDrive\桌面\單字庫\雅思單字.txt,3724
74429b7148e3525a,presage,預示，預兆（尤指不祥之事）,IELTS,verb,,,,,,75,ai_initial:gpt-6-luna,"Presage is a relatively uncommon, formal verb meaning to foreshadow or indicate something, often something unpleasant.",,,high,review_required,C:\Users\123\OneDrive\桌面\單字庫\雅思單字.txt,3728
4ac345d19a9789f0,qualify,（使）具有資格，（使）合格(+as/…to)、有資格；准予；有權(+for)、取得比賽資格(+for)、限制，限定；緩和、修飾；限定,IELTS,verb,,B1,CEFR-J vocabulary profile 1.5 (lemma/POS proxy; not sense-aligned),,,55,ai_initial:gpt-6-luna,常見動詞，但用於資格、准許及限制等不同語境時，意思會有所變化。,,,high,review_required,C:\Users\123\OneDrive\桌面\單字庫\雅思單字.txt,3745
8ee55f70e4ee3349,quandary (about/over),困境；猶豫不決,IELTS,noun,,,,,,75,ai_initial:gpt-6-luna,A relatively uncommon word for a difficult situation involving uncertainty or indecision.,,,high,review_required,C:\Users\123\OneDrive\桌面\單字庫\雅思單字.txt,3746
2038805af2c9f8ab,quantity (of),（尤指可測量或確定的）量，數量，分量,IELTS,noun,,,,,,35,ai_initial:gpt-6-luna,A common noun for an amount that can be measured or determined.,,,high,review_required,C:\Users\123\OneDrive\桌面\單字庫\雅思單字.txt,3747
16bc3d2f9864150c,"a quarter to two, three, etc.",差十五分鐘兩點/三點/四點等,IELTS,時間表達語,,,,,,35,ai_initial:gpt-6-luna,"The words are common, but understanding “to” as indicating the minutes before the next hour takes some familiarity with English time expressions.",,,high,review_required,C:\Users\123\OneDrive\桌面\單字庫\雅思單字.txt,3752
86ed080336276433,keep (sth) quiet,（對…）守口如瓶；（對…）保密,IELTS,verbphrase,,,,,,45,ai_initial:gpt-6-luna,"The words are common, but understanding quiet as meaning confidential in this phrase requires some familiarity with idiomatic usage.",,,high,review_required,C:\Users\123\OneDrive\桌面\單字庫\雅思單字.txt,3765
ab28c0ded528c9f1,quintessence (of),典型，典範,IELTS,noun,,,,,,75,ai_initial:gpt-6-luna,An uncommon abstract noun meaning the most perfect example of a quality or type.,,,high,review_required,C:\Users\123\OneDrive\桌面\單字庫\雅思單字.txt,3767
a02b6d911818bca5,quite a/some sth,（用來強調…的程度或數量）很，挺,IELTS,phrase,,,,,,55,ai_initial:gpt-6-luna,"The pattern is understandable from its parts, but using “quite a” to emphasize degree or quantity is idiomatic.",,,medium,review_required,C:\Users\123\OneDrive\桌面\單字庫\雅思單字.txt,3771
a5926a0ae0d20a85,"quite the best, worst, etc.",（表示強調）絕對是最好/最糟糕的等,IELTS,adverbialphrase,,,,,,65,ai_initial:gpt-6-luna,The emphatic use of “quite” before a superlative is less predictable than its common uses.,,,medium,review_required,C:\Users\123\OneDrive\桌面\單字庫\雅思單字.txt,3772
00a27dd6f743a72d,radiate,（使熱或光）輻射，放射，發散、流露；顯示；煥發、從中心散開；呈輻射狀發出,IELTS,verb,,B2,CEFR-J vocabulary profile 1.5 (lemma/POS proxy; not sense-aligned),,,65,ai_initial:gpt-6-luna,A moderately advanced verb with several related physical and figurative senses.,,,high,review_required,C:\Users\123\OneDrive\桌面\單字庫\雅思單字.txt,3778
ee70931ecbecbdc1,ravage,嚴重破壞；損壞；毀壞,IELTS,verb,,B2,CEFR-J vocabulary profile 1.5 (lemma/POS proxy; not sense-aligned),,,65,ai_initial:gpt-6-luna,"An uncommon verb, though its meaning is clear in context.",,,high,review_required,C:\Users\123\OneDrive\桌面\單字庫\雅思單字.txt,3797
bc85033f88641e6d,reassure,使安心；使打消疑慮；安慰,IELTS,verb,,,,,,50,ai_initial:gpt-6-luna,A moderately common verb for calming someone or removing their doubts.,,,high,review_required,C:\Users\123\OneDrive\桌面\單字庫\雅思單字.txt,3810
cbecb843ff5c3ff6,rebuff,粗暴拒絕；生硬拒絕；斷然拒絕,IELTS,noun/verb,,,,,,75,ai_initial:gpt-6-luna,"An uncommon word for a blunt, abrupt rejection; the supplied sense is clear.",,,high,review_required,C:\Users\123\OneDrive\桌面\單字庫\雅思單字.txt,3812
e78beb21f6570b9e,rebuild,重建；改建；使恢復原狀、重新組織；改造,IELTS,verb,,B1,CEFR-J vocabulary profile 1.5 (lemma/POS proxy; not sense-aligned),,,40,ai_initial:gpt-6-luna,"A common, transparent verb; the supplied senses include both literal reconstruction and figurative restoration or reorganization.",,,high,review_required,C:\Users\123\OneDrive\桌面\單字庫\雅思單字.txt,3813
272da39187ea407b,recapitulate,扼要重述；摘要說明；概括（recap的正式說法）,IELTS,verb,,,,,,65,ai_initial:gpt-6-luna,"A formal, relatively uncommon verb for briefly restating the main points.",,,high,review_required,C:\Users\123\OneDrive\桌面\單字庫\雅思單字.txt,3817
cdd4b9dcb74daf9e,recapture (from),（尤指用武力）奪回，收復，重新佔領,IELTS,verb,,,,,,55,ai_initial:gpt-6-luna,“Recapture” is a moderately advanced verb meaning to take back by force.,,,high,review_required,C:\Users\123\OneDrive\桌面\單字庫\雅思單字.txt,3818
cd1b2c30bf112488,recede,逐漸遠離；變得模糊，逐漸淡漠,IELTS,verb,,,,,,60,ai_initial:gpt-6-luna,A less common verb describing something gradually moving away or becoming indistinct.,,,high,review_required,C:\Users\123\OneDrive\桌面\單字庫\雅思單字.txt,3819
0e8574d109f6cd2c,reciprocate,回報，報答，酬答、（機件）往返運動，沿直線往復移動,IELTS,verb,,,,,,70,ai_initial:gpt-6-luna,This is a relatively uncommon verb meaning to return someone’s kindness or favor.,,,high,review_required,C:\Users\123\OneDrive\桌面\單字庫\雅思單字.txt,3825
b15071a20cbb2d14,reclaim,取回；拿回；收回、（對土地等）開墾，開拓，改造、（從廢品中）回收（有用的東西） / （在航班抵達目的地後，在機場特定地點）提取行李,IELTS,verb,,B1,CEFR-J vocabulary profile 1.5 (lemma/POS proxy; not sense-aligned),,,60,ai_initial:gpt-6-luna,A moderately challenging verb with several related meanings; the airport luggage sense is clear from context.,,,high,review_required,C:\Users\123\OneDrive\桌面\單字庫\雅思單字.txt,3830
ce4446d573ae0821,recline,（使）斜倚；（使）斜躺；（使）向後倚靠、使（坐椅靠背）向後傾斜,IELTS,verb,,,,,,65,ai_initial:gpt-6-luna,"A relatively uncommon verb for leaning or lying back, but its meaning is clear in context.",,,high,review_required,C:\Users\123\OneDrive\桌面\單字庫\雅思單字.txt,3831
7ff24fc10bc2a941,recoil,退縮，畏懼；（因為厭惡而）退避(+from)、（對想法、原則等）厭棄，深惡痛絕，強烈反對(+at) / （槍、炮的）後坐力，反沖,IELTS,noun/verb,,,,,,65,ai_initial:gpt-6-luna,"The word has several meanings, including withdrawing in fear or disgust and the backward force of a gun; these senses are less common than basic vocabulary.",,,high,review_required,C:\Users\123\OneDrive\桌面\單字庫\雅思單字.txt,3836
d501d60473cbc473,reconnoiter=reconnoitre,（士兵或軍用飛機）偵察，搜索（情報）,IELTS,verb,,,,,,75,ai_initial:gpt-6-luna,"An uncommon, formal military verb meaning to inspect an area for information.",,,high,review_required,C:\Users\123\OneDrive\桌面\單字庫\雅思單字.txt,3839
57f3fc8370a0ed3f,reconstruct,重建，改建，重造（被毀的事物）、（為了取得效率而對系統、組織等進行）重建，重組，改組、（根據許多資料對發生的事情）重現描述，使重現，使再現,IELTS,verb,,,,,,55,ai_initial:gpt-6-luna,A moderately advanced verb used for rebuilding or re-creating something from available information.,,,high,review_required,C:\Users\123\OneDrive\桌面\單字庫\雅思單字.txt,3841
9397d788534c0d16,recure,恢復、復原,IELTS,verb,,,,,,85,ai_initial:gpt-6-luna,“Recure” is a rare word usually meaning to cure again; its fit with the supplied sense “recover” is uncertain.,,,low,review_required,C:\Users\123\OneDrive\桌面\單字庫\雅思單字.txt,3853
4a1011b319bc6e7c,reducible (to),可減少的，可縮減的,IELTS,adjective,,,,,,60,ai_initial:gpt-6-luna,"The meaning is fairly abstract, and the less common adjective pattern “reducible to” may be unfamiliar to learners.",,,high,review_required,C:\Users\123\OneDrive\桌面\單字庫\雅思單字.txt,3863
5fa446d0ea5e33e3,refer,把……歸因（於），認為……起源（於）（+to）；把……歸類（於），把……歸屬（於）（+to）、論及，談到，提及（+to）；查閱，參考；查詢，打聽（+to）,IELTS,verb,,A2,CEFR-J vocabulary profile 1.5 (lemma/POS proxy; not sense-aligned),,,55,ai_initial:gpt-6-luna,常見動詞，但此處的「把……歸因於」用法須掌握 refer A to B 的搭配。,,,high,review_required,C:\Users\123\OneDrive\桌面\單字庫\雅思單字.txt,3867
24cb6ddf0e1ddeec,a reflection on sb/sth,給…帶來（尤指不好的）影響的事情；招致對…非議的事情,IELTS,nounphrase,,,,,,75,ai_initial:gpt-6-luna,"This is an idiomatic, figurative sense of “reflection,” meaning something that brings discredit or criticism.",,,high,review_required,C:\Users\123\OneDrive\桌面\單字庫\雅思單字.txt,3875
a9c2c58b4bf25f88,refragable,(可證明為)妄想的,IELTS,adjective,,,,,,95,ai_initial:gpt-6-luna,"The headword usually means “capable of being refuted,” which does not clearly match the supplied Chinese sense.",,,low,review_required,C:\Users\123\OneDrive\桌面\單字庫\雅思單字.txt,3882
251835bb2014e176,refute,駁斥；反駁；否認…的正確性（或真實性）,IELTS,verb,,B2,CEFR-J vocabulary profile 1.5 (lemma/POS proxy; not sense-aligned),,,65,ai_initial:gpt-6-luna,A relatively formal verb for showing that a claim or statement is false.,,,high,review_required,C:\Users\123\OneDrive\桌面\單字庫\雅思單字.txt,3886
4ade625c8f0c417e,regale,宴請，款待（+on/with）；使喜悅；（以故事等）娛（人）（+with）、盡情吃喝，享用（+on） / 宴請，款待；佳餚；美味,IELTS,verb,,,,,,75,ai_initial:gpt-6-luna,The verb is uncommon and somewhat formal; the supplied meanings include entertaining someone with stories or treating someone to food.,,,medium,review_required,C:\Users\123\OneDrive\桌面\單字庫\雅思單字.txt,3887
595d7710c156b109,regress (to),退步；退化；倒退,IELTS,verb,,,,,,60,ai_initial:gpt-6-luna,“Regress” is a relatively formal verb meaning to move backward or become worse.,,,high,review_required,C:\Users\123\OneDrive\桌面\單字庫\雅思單字.txt,3897
ce862c40637ec105,reign,為王，為君；當政；統治、主宰(+over)；起支配作用；盛行(+over) / 為王，為君；當政；統治、主宰（或支配）的時期,IELTS,noun/verb,,,,,,55,ai_initial:gpt-6-luna,The word has several related senses and is less common than basic words for ruling or prevailing.,,,high,review_required,C:\Users\123\OneDrive\桌面\單字庫\雅思單字.txt,3900
fc887cf11e04ff1f,a reign of terror,恐怖統治（時期）,IELTS,nounphrase,,,,,,70,ai_initial:gpt-6-luna,An idiomatic phrase using the less common word “reign” to describe a period of oppressive rule and widespread fear.,,,high,review_required,C:\Users\123\OneDrive\桌面\單字庫\雅思單字.txt,3901
9666ae3d8caf831a,reimburse (...for...),償還；付還；補償,IELTS,verb,,,,,,50,ai_initial:gpt-6-luna,「償還；付還；補償」是 reimburse 的常見動詞義，但此詞較正式，常用於報銷費用或償還支出。,,,high,review_required,C:\Users\123\OneDrive\桌面\單字庫\雅思單字.txt,3902
779e5967748ac909,rejoin,重返；返回；與…再會合、（以生氣或詼諧的方式）回答，反駁,IELTS,verb,,B2,CEFR-J vocabulary profile 1.5 (lemma/POS proxy; not sense-aligned),,,60,ai_initial:gpt-6-luna,"The basic sense is understandable, but the less common sense of replying with a retort adds difficulty.",,,high,review_required,C:\Users\123\OneDrive\桌面\單字庫\雅思單字.txt,3906
7130ae4454028b97,relapse,（病好轉後）復發；故態復萌；重新墮落 / 舊病復發,IELTS,verb,,,,,,65,ai_initial:gpt-6-luna,"A relatively uncommon verb, often used in medical contexts for a return of illness after improvement.",,,high,review_required,C:\Users\123\OneDrive\桌面\單字庫\雅思單字.txt,3909
db4fef162ea69255,relent,變溫和；變寬容；不再拒絕,IELTS,verb,,,,,,70,ai_initial:gpt-6-luna,A less common verb meaning to become less strict or stop refusing.,,,high,review_required,C:\Users\123\OneDrive\桌面\單字庫\雅思單字.txt,3911
e718637fa1fa5974,reliance (on),依賴，依靠；信任，信賴,IELTS,noun,,,,,,50,ai_initial:gpt-6-luna,An abstract noun for dependence on or trust in someone or something; moderately familiar to general learners.,,,high,review_required,C:\Users\123\OneDrive\桌面\單字庫\雅思單字.txt,3913
599287b8d21a4dd7,reliant (on),依賴的，依靠的,IELTS,adjective,,,,,,40,ai_initial:gpt-6-luna,"A moderately common adjective, often used with “on” to describe dependence.",,,high,review_required,C:\Users\123\OneDrive\桌面\單字庫\雅思單字.txt,3914
805e090c8ddcf172,relish,享受；喜歡、期盼；憧憬；指望 / 佐料；調味品、享受；樂趣,IELTS,verb,,,,,,55,ai_initial:gpt-6-luna,The supplied gloss combines several senses and parts of speech; this estimate uses the verb sense “enjoy.”,,,medium,review_required,C:\Users\123\OneDrive\桌面\單字庫\雅思單字.txt,3917
9a249daafff69411,reluctant (to),勉強的；不情願的,IELTS,adjective,,,,,,55,ai_initial:gpt-6-luna,A moderately common adjective expressing unwillingness or hesitation.,,,high,review_required,C:\Users\123\OneDrive\桌面\單字庫\雅思單字.txt,3919
8d9a8488bd5e2871,reminiscent of sb/sth,使人想起…的；使人回憶起…的,IELTS,adjectivephrase,,,,,,65,ai_initial:gpt-6-luna,“Reminiscent of” is a moderately advanced expression meaning that something brings a memory or association to mind.,,,high,review_required,C:\Users\123\OneDrive\桌面\單字庫\雅思單字.txt,3923
059a858d8dca6df2,remiss (in),疏忽的；懈怠的；玩忽職守的,IELTS,adjective,,,,,,75,ai_initial:gpt-6-luna,“Remiss in” is a relatively formal expression meaning negligent or insufficiently attentive to a duty.,,,high,review_required,C:\Users\123\OneDrive\桌面\單字庫\雅思單字.txt,3924
7898989837658ce5,remodel,改變…的形狀（或外觀）；重新塑造,IELTS,verb,,,,,,55,ai_initial:gpt-6-luna,“Remodel” is a moderately advanced verb meaning to change something’s shape or appearance.,,,high,review_required,C:\Users\123\OneDrive\桌面\單字庫\雅思單字.txt,3926
289bc36223b5cbd8,remonstrate,抗議；反對；抱怨,IELTS,verb,,,,,,80,ai_initial:gpt-6-luna,"A relatively uncommon, formal verb meaning to protest or complain to someone.",,,high,review_required,C:\Users\123\OneDrive\桌面\單字庫\雅思單字.txt,3929
79ff53b5d18957a5,remunerate (for),酬報；給…酬勞,IELTS,verb,,,,,,70,ai_initial:gpt-6-luna,"A formal, relatively uncommon verb meaning to pay someone for work or services.",,,high,review_required,C:\Users\123\OneDrive\桌面\單字庫\雅思單字.txt,3930
fa8fc719f9a1c285,remuneration (for),酬報；所給的酬勞,IELTS,noun,,,,,,65,ai_initial:gpt-6-luna,"A formal, relatively uncommon word for payment or compensation given for work or services.",,,high,review_required,C:\Users\123\OneDrive\桌面\單字庫\雅思單字.txt,3931
2a74f86a209f0aa2,renunciation (of),聲明放棄；宣佈放棄；棄絕,IELTS,noun,,,,,,75,ai_initial:gpt-6-luna,A formal noun for the act of declaring that one gives something up or rejects it.,,,high,review_required,C:\Users\123\OneDrive\桌面\單字庫\雅思單字.txt,3936
6f153afeba40aa17,reorganize,重新組織；改組；整頓,IELTS,verb,,,,,,40,ai_initial:gpt-6-luna,"The meaning is fairly transparent from “organize,” though the prefix and formal use add some difficulty.",,,high,review_required,C:\Users\123\OneDrive\桌面\單字庫\雅思單字.txt,3937
c015d84f3ef03189,replenish (by/with),補充；把…再備足；重新裝滿,IELTS,verb,,,,,,65,ai_initial:gpt-6-luna,"A less common, somewhat formal verb for restoring a supply or filling something again.",,,high,review_required,C:\Users\123\OneDrive\桌面\單字庫\雅思單字.txt,3950
5a9195985cdd365b,replica (of),複製品；仿製品；摹本,IELTS,noun,,,,,,60,ai_initial:gpt-6-luna,A moderately advanced but recognizable noun for a copy made to resemble an original.,,,high,review_required,C:\Users\123\OneDrive\桌面\單字庫\雅思單字.txt,3952
1c26e8110930e9cb,reprehend,譴責；斥責；指摘,IELTS,verb,,,,,,90,ai_initial:gpt-6-luna,"A rare, formal verb meaning to criticize or rebuke someone.",,,high,review_required,C:\Users\123\OneDrive\桌面\單字庫\雅思單字.txt,3954
78287ff3a8a588de,reprimand (for),訓斥；申斥；譴責,IELTS,verb,,,,,,60,ai_initial:gpt-6-luna,A formal word for officially criticizing or scolding someone; its meaning is fairly specific but clear in context.,,,high,review_required,C:\Users\123\OneDrive\桌面\單字庫\雅思單字.txt,3960
ec2dd6ebd07ff084,reproduce,複製；翻印；複寫、重演；重現；重做、生殖；生育；繁殖,IELTS,verb,,B1,CEFR-J vocabulary profile 1.5 (lemma/POS proxy; not sense-aligned),,,55,ai_initial:gpt-6-luna,"A familiar verb with several distinct senses, including copying and biological reproduction.",,,high,review_required,C:\Users\123\OneDrive\桌面\單字庫\雅思單字.txt,3963
7020a2813fa0ad00,reproof (for),責備；斥責；指責,IELTS,noun,,,,,,65,ai_initial:gpt-6-luna,"“Reproof” is a formal, relatively uncommon word for criticism or blame.",,,high,review_required,C:\Users\123\OneDrive\桌面\單字庫\雅思單字.txt,3965
308bf55e5b241b05,repudiate,拒絕，不接受；否認；批駁,IELTS,verb,,,,,,80,ai_initial:gpt-6-luna,"Repudiate is a formal, relatively uncommon verb meaning to reject or deny something.",,,high,review_required,C:\Users\123\OneDrive\桌面\單字庫\雅思單字.txt,3966
dbc6b6fc535085e1,repugnance (with),厭惡，抵觸，強烈的反感,IELTS,noun,,,,,,75,ai_initial:gpt-6-luna,"The Chinese sense is clear, but “(with)” makes the supplied headword unclear as a usable expression.",,,low,review_required,C:\Users\123\OneDrive\桌面\單字庫\雅思單字.txt,3967
e1f595ca9a215d85,repulse,擊退；敗退；拒絶 / 趕走，驅逐；擊退（尤指進攻）；拒絕，拒絕接受、令人厭惡；使人反感(+by),IELTS,verb,,,,50399,wordfreq 3.x large English combined frequency list; corpus rank (approximate),70,ai_initial:gpt-6-luna,An uncommon verb with several related but distinct senses; the example uses the sense of defeating an attack.,,,high,review_required,C:\Users\123\OneDrive\桌面\單字庫\雅思單字.txt,3969
daf1be5e4954844c,rescind,廢除；取消；撤銷,IELTS,verb,,,,,,75,ai_initial:gpt-6-luna,"A relatively uncommon, formal verb meaning to officially cancel or revoke something.",,,high,review_required,C:\Users\123\OneDrive\桌面\單字庫\雅思單字.txt,3976
97d270b62348e215,reseat,使再坐下；給……裝設新座位（或底座）,IELTS,verb,,,,,,70,ai_initial:gpt-6-luna,A relatively uncommon verb with distinct senses; the meaning of fitting a chair with a new seat is not immediately obvious from the word.,,,medium,review_required,C:\Users\123\OneDrive\桌面\單字庫\雅思單字.txt,3977
f6448574c0178184,resistive,有抵抗力的,IELTS,adjective,,,,,,70,ai_initial:gpt-6-luna,"The supplied Chinese sense is broad, and “resistive” is not a common general-purpose equivalent of “resistant.”",,,low,review_required,C:\Users\123\OneDrive\桌面\單字庫\雅思單字.txt,3986
e1988deed3e464f8,resonate,發出回響；發出共鳴；迴盪、充滿，彌漫（某種特質）(+with)、流傳；產生深遠影響；繼續發揮重要性、使產生聯想；引起共鳴(+with),IELTS,verb,,,,,,65,ai_initial:gpt-6-luna,The figurative sense of connecting emotionally or eliciting a response is less common and more advanced than the basic sense of producing sound.,,,high,review_required,C:\Users\123\OneDrive\桌面\單字庫\雅思單字.txt,3990
4d1a45ed42925ff7,resource,資源；財力；素質、機敏；足智多謀（resourcefulness的正式說法） / 為…提供資源；資助；供給…設備(+with),IELTS,noun,,B1,CEFR-J vocabulary profile 1.5 (lemma/POS proxy; not sense-aligned),,,40,ai_initial:gpt-6-luna,"A common noun for useful supplies, money, or other means; the additional senses are less familiar.",,,high,review_required,C:\Users\123\OneDrive\桌面\單字庫\雅思單字.txt,3991
595158083b70cb88,retort,（憤怒或風趣地）反駁，回嘴,IELTS,verb,,,,,,65,ai_initial:gpt-6-luna,"An uncommon verb for replying sharply, often with anger or wit.",,,high,review_required,C:\Users\123\OneDrive\桌面\單字庫\雅思單字.txt,4006
96fd01f1ea09308a,retouch,（尤指爲完善而）潤色，修飾，修整,IELTS,verb,,,,,,65,ai_initial:gpt-6-luna,"A relatively specialized verb meaning to make small improvements or corrections, especially to an image.",,,high,review_required,C:\Users\123\OneDrive\桌面\單字庫\雅思單字.txt,4007
44ba09298be18152,reunite (with),使重新結合；使再聯合；使重聚,IELTS,verb,,,,,,55,ai_initial:gpt-6-luna,A moderately familiar verb; its sense of bringing people or groups together again is clear but somewhat formal.,,,high,review_required,C:\Users\123\OneDrive\桌面\單字庫\雅思單字.txt,4018
d415c5cbb3fc6287,come as/be a revelation,讓人大開眼界；令人耳目一新；出乎意料地使人驚喜,IELTS,idiomaticverbphrase,,,,,,75,ai_initial:gpt-6-luna,This idiomatic phrase is less transparent than its individual words and means that something is surprisingly enlightening or impressive.,,,high,review_required,C:\Users\123\OneDrive\桌面\單字庫\雅思單字.txt,4020
5bfe3a8136261ac2,revere (for),尊敬；崇敬,IELTS,verb,,,,,,65,ai_initial:gpt-6-luna,"The supplied headword includes “(for),” which does not fit naturally with the verb in this sense.",,,low,review_required,C:\Users\123\OneDrive\桌面\單字庫\雅思單字.txt,4021
1c708f4f8409baec,revert,回復,IELTS,verb,,,,,,65,ai_initial:gpt-6-luna,“Revert” is a moderately uncommon verb meaning to return to an earlier state or version.,,,medium,review_required,C:\Users\123\OneDrive\桌面\單字庫\雅思單字.txt,4024
f8032384bc66558e,revile (for),謾罵；辱罵；痛斥,IELTS,verb,,,,,,75,ai_initial:gpt-6-luna,"“Revile” is an uncommon, formal verb meaning to criticize or insult someone harshly; “for” introduces the reason.",,,high,review_required,C:\Users\123\OneDrive\桌面\單字庫\雅思單字.txt,4025
9a9536acc0c5b572,revocation (of),撤銷，廢除,IELTS,noun,,,,,,70,ai_initial:gpt-6-luna,"A formal, relatively uncommon noun meaning the official cancellation of something.",,,high,review_required,C:\Users\123\OneDrive\桌面\單字庫\雅思單字.txt,4028
9190e42a4e6f4152,revoke,撤銷；廢除；解除,IELTS,verb,,,,,,60,ai_initial:gpt-6-luna,"A formal verb for officially canceling or withdrawing something, such as a license or permission.",,,high,review_required,C:\Users\123\OneDrive\桌面\單字庫\雅思單字.txt,4029
2f1e65a1be4cc043,good riddance (to bad rubbish),總算擺脫了，終於走掉了,IELTS,interjection,,,,,,70,ai_initial:gpt-6-luna,"This is an idiomatic, dismissive expression used when an unwanted person or thing is finally gone.",,,high,review_required,C:\Users\123\OneDrive\桌面\單字庫\雅思單字.txt,4035
fdc2c8e29a62267d,rife with sth,充滿；充斥,IELTS,adjectivephrase,,,,,,70,ai_initial:gpt-6-luna,"“Rife with” is an idiomatic expression meaning full of or dominated by something, often something undesirable.",,,high,review_required,C:\Users\123\OneDrive\桌面\單字庫\雅思單字.txt,4039
b21191dc00db0ee5,ruminate,沈思，長時間思考、（動物）反芻，倒嚼,IELTS,verb,,,,,,65,ai_initial:gpt-6-luna,A relatively uncommon verb with both reflective-thinking and animal-digestion senses.,,,high,review_required,C:\Users\123\OneDrive\桌面\單字庫\雅思單字.txt,4061
c6228c79659e6e1e,sacrifice,犧牲；獻出(+for)、獻祭；以（人或動物）爲祭品 / 犧牲；獻出、獻祭，供奉；祭品，供品(+for),IELTS,noun/verb,,,,,,50,ai_initial:gpt-6-luna,"A common word, though its meanings include both giving something up and ritual offering.",,,high,review_required,C:\Users\123\OneDrive\桌面\單字庫\雅思單字.txt,4066
63c1bf0a2a6c1554,salvage,海難救助；搶救；挽救；救助酬金 / 救助；營救；搶救；挽救（+from）；打撈,IELTS,noun/verb,,,,,,65,ai_initial:gpt-6-luna,"Less common than everyday rescue-related words, with several related but distinct uses.",,,high,review_required,C:\Users\123\OneDrive\桌面\單字庫\雅思單字.txt,4079
9efd310eab2594f6,"the sanctity of human life, marriage, etc.",人的生命／婚姻等之神聖,IELTS,noun,,,,,,70,ai_initial:gpt-6-luna,"“Sanctity” is an abstract, relatively uncommon noun meaning the quality of being sacred or deserving profound respect.",,,high,review_required,C:\Users\123\OneDrive\桌面\單字庫\雅思單字.txt,4084
42868c63c011ce07,sanguine (about),樂觀的，樂天的,IELTS,adjective,,,,,,80,ai_initial:gpt-6-luna,"An uncommon, somewhat formal adjective meaning optimistic, especially about a situation or outcome.",,,high,review_required,C:\Users\123\OneDrive\桌面\單字庫\雅思單字.txt,4086
b72fb3cd6e85cc9a,satirize=satirise,諷刺，譏諷,IELTS,verb,,,,,,70,ai_initial:gpt-6-luna,"A less common, somewhat advanced verb used to describe criticizing someone or something through ridicule.",,,high,review_required,C:\Users\123\OneDrive\桌面\單字庫\雅思單字.txt,4099
7bbd5c6cca07509c,savor,細品，享用（食物） / 樂趣；趣味；情趣、（尤指美好的）氣味；味道，滋味,IELTS,verb,,,,,,60,ai_initial:gpt-6-luna,The food-related verb sense is clear; the word is less common than basic eating verbs.,,,high,review_required,C:\Users\123\OneDrive\桌面\單字庫\雅思單字.txt,4102
065c4e28c146b984,a scintilla of sth,極少的，微量的,IELTS,nounphrase,,,,,,85,ai_initial:gpt-6-luna,"“Scintilla” is an uncommon, formal word for a very small amount.",,,high,review_required,C:\Users\123\OneDrive\桌面\單字庫\雅思單字.txt,4108
68326eb6c49d181e,script,電影劇本；劇本；廣播稿；講稿(+for)、文字；字母、（電腦程式設計的）腳本語言、（考生的）筆試答案卷、（醫生開的）處方 / 為（電影、戲劇、廣播或演講等）寫稿,IELTS,nounandverb,,A2,CEFR-J vocabulary profile 1.5 (lemma/POS proxy; not sense-aligned),,,50,ai_initial:gpt-6-luna,"A common word, though its specialized meanings and range of uses may be less familiar to learners.",,,medium,review_required,C:\Users\123\OneDrive\桌面\單字庫\雅思單字.txt,4115
50e8ea820350ecc8,not scruple to do sth,毫無顧忌地做…,IELTS,verbphrase,,,,,,75,ai_initial:gpt-6-luna,"A formal, relatively uncommon expression meaning to act without moral hesitation.",,,high,review_required,C:\Users\123\OneDrive\桌面\單字庫\雅思單字.txt,4118
e86b35d86b2106d1,scuttle,（尤指爲逃脫）碎步快跑，快速移動、（爲防止船落入敵手）鑿沈，弄沈（尤指自己的船）、阻止；破壞；阻撓 / 煤桶（同 coal scuttle）,IELTS,verb,,,,,,75,ai_initial:gpt-6-luna,Uncommon and highly polysemous; the quick-movement sense is less familiar to many general English learners.,,,high,review_required,C:\Users\123\OneDrive\桌面\單字庫\雅思單字.txt,4121
c4291480b2d88272,seclude,使隔離；使孤立；使隱退，使隱居（+from）,IELTS,verb,,,,,,70,ai_initial:gpt-6-luna,"A relatively uncommon, formal verb meaning to keep someone apart or withdraw from others.",,,high,review_required,C:\Users\123\OneDrive\桌面\單字庫\雅思單字.txt,4130
0b646e43dbd86268,secretive,隱隱藏藏的；能分泌的；促進分泌的,IELTS,adjective,,,,,,55,ai_initial:gpt-6-luna,“Secretive” means inclined to conceal information; the senses “能分泌的；促進分泌的” do not match this word.,,,low,review_required,C:\Users\123\OneDrive\桌面\單字庫\雅思單字.txt,4137
39fead75d6a223da,seize,抓住，捉住；奪取（+on/upon）；利用（+on/upon）,IELTS,verb,,B1,CEFR-J vocabulary profile 1.5 (lemma/POS proxy; not sense-aligned),,,55,ai_initial:gpt-6-luna,"A fairly common verb, but its meanings and use with “on/upon” can be challenging.",,,high,review_required,C:\Users\123\OneDrive\桌面\單字庫\雅思單字.txt,4149
bf6e133007bf5e19,service,服務；效勞；幫助；招待，服侍；服務態度 / 為……服務；檢修，維修，保養,IELTS,noun/verb,,B1,CEFR-J vocabulary profile 1.5 (lemma/POS proxy; not sense-aligned),,,55,ai_initial:gpt-6-luna,"Common word, but its many related senses can make it harder to understand in context.",,,high,review_required,C:\Users\123\OneDrive\桌面\單字庫\雅思單字.txt,4186
d81172db531043bd,simulate,類比，模仿；假裝，僞裝,IELTS,verb,,,,,,60,ai_initial:gpt-6-luna,A moderately advanced verb with related senses of imitating or pretending.,,,high,review_required,C:\Users\123\OneDrive\桌面\單字庫\雅思單字.txt,4212
170e3a922030177e,singe,把…微微燒焦，把…烤焦 / 焦痕,IELTS,verb,,,,,,60,ai_initial:gpt-6-luna,"A relatively uncommon, specific verb for lightly scorching something.",,,high,review_required,C:\Users\123\OneDrive\桌面\單字庫\雅思單字.txt,4215
07e59bc8916c6a6a,specialize,專攻；專門從事（+in）；專化，特化、使專門化；使特殊化；使專化，使特化,IELTS,verb,,,,,,50,ai_initial:gpt-6-luna,"A moderately common verb, especially in the pattern “specialize in,” but its formal use and spelling may be unfamiliar to some learners.",,,high,review_required,C:\Users\123\OneDrive\桌面\單字庫\雅思單字.txt,4267
8606b164108cb592,specimen （of）,樣品，樣本；實例，典型,IELTS,noun,,,,,,60,ai_initial:gpt-6-luna,“Specimen” is a moderately advanced noun meaning a sample or an example of a type.,,,high,review_required,C:\Users\123\OneDrive\桌面\單字庫\雅思單字.txt,4271
7d8742ebd3614d12,speculate,思索；沉思；推測（+on/upon/about）；投機；做投機買賣（+in）、推測，推斷,IELTS,verb,,,,,,65,ai_initial:gpt-6-luna,An abstract verb with several related meanings; the sense of forming a guess is less common than basic everyday verbs.,,,high,review_required,C:\Users\123\OneDrive\桌面\單字庫\雅思單字.txt,4276
056d4293bc3d60e1,stagy=stagey,演戲似的，不自然的，做作的,IELTS,adjective,,,,,,70,ai_initial:gpt-6-luna,An uncommon adjective; its figurative sense is clear from context but may be unfamiliar to general English learners.,,,high,review_required,C:\Users\123\OneDrive\桌面\單字庫\雅思單字.txt,4292
f069116c56804618,stigma (to),恥辱；（尤指不公正的）惡名、（花）柱頭,IELTS,noun,,,,,,70,ai_initial:gpt-6-luna,"The Chinese gloss gives both the figurative sense of disgrace and the botanical sense, but the supplied headword includes “(to),” which cannot be naturally used as written.",,,low,review_required,C:\Users\123\OneDrive\桌面\單字庫\雅思單字.txt,4312
8bcd7ec0ed779bec,stratagem (for),策略；計策，計謀,IELTS,noun,,,,,,75,ai_initial:gpt-6-luna,"“Stratagem” is a relatively uncommon, formal word for a clever plan or tactic.",,,high,review_required,C:\Users\123\OneDrive\桌面\單字庫\雅思單字.txt,4323
76780e41cf771834,submerge,（使）潛入水中，（使）沒入水中；浸沒、湮沒，湮滅；掩蓋,IELTS,verb,,,,,,55,ai_initial:gpt-6-luna,A moderately advanced verb with several related senses; the physical sense is clear from context.,,,high,review_required,C:\Users\123\OneDrive\桌面\單字庫\雅思單字.txt,4344
5021816e18bd6bfd,submersion (in),（使）潛入水中，（使）沒入水中；浸沒,IELTS,noun,,,,,,65,ai_initial:gpt-6-luna,"A relatively uncommon, formal noun for the act or state of being fully under water.",,,high,review_required,C:\Users\123\OneDrive\桌面\單字庫\雅思單字.txt,4347
70c7d41ebb63f88c,subsequent (to),隨後的，接著的,IELTS,adjective,,,,,,55,ai_initial:gpt-6-luna,A moderately advanced adjective meaning occurring or coming after something.,,,high,review_required,C:\Users\123\OneDrive\桌面\單字庫\雅思單字.txt,4351
515980bbc0214cfd,subservience (to),恭順，屈從；低聲下氣,IELTS,noun,,,,,,75,ai_initial:gpt-6-luna,"An uncommon, formal noun describing excessive obedience or submission to someone.",,,high,review_required,C:\Users\123\OneDrive\桌面\單字庫\雅思單字.txt,4352
8722fbd1a5b6fa5f,subsist (on),維持生計；勉強生存,IELTS,verb,,,,,,70,ai_initial:gpt-6-luna,“Subsist on” is a relatively formal verb phrase meaning to stay alive or maintain a living with limited resources.,,,high,review_required,C:\Users\123\OneDrive\桌面\單字庫\雅思單字.txt,4355
7ee6c4518cc2fd23,subtend,對向（角或邊）,IELTS,verb,,,,,,90,ai_initial:gpt-6-luna,A rare technical geometry verb used to describe an angle formed by an opposite side or chord.,,,high,review_required,C:\Users\123\OneDrive\桌面\單字庫\雅思單字.txt,4358
d75e627ac9790b8f,successor (to),繼任者，接替者；繼承人；接替的事物,IELTS,noun,,,,,,65,ai_initial:gpt-6-luna,A formal noun for a person or thing that takes another’s place; the meaning is fairly specific.,,,high,review_required,C:\Users\123\OneDrive\桌面\單字庫\雅思單字.txt,4368
4fe15c4d90f4e8a5,succumb (to),屈從，屈服；放棄抵抗；承認失敗、病死；生病；受病痛折磨,IELTS,verb,,,,,,60,ai_initial:gpt-6-luna,"A somewhat formal verb meaning to yield or give in, often used with “to.”",,,high,review_required,C:\Users\123\OneDrive\桌面\單字庫\雅思單字.txt,4371
4eaeaa294b1fd2d7,suffuse (with),彌漫於；布滿；充滿,IELTS,verb,,,,,,75,ai_initial:gpt-6-luna,"A relatively uncommon, formal verb meaning to spread through or fill something.",,,high,review_required,C:\Users\123\OneDrive\桌面\單字庫\雅思單字.txt,4377
d823ea7fedd82a19,superabundance (of),大量，（尤指）超級豐富,IELTS,noun,,,,,,75,ai_initial:gpt-6-luna,A relatively uncommon noun meaning an extremely large or plentiful amount.,,,high,review_required,C:\Users\123\OneDrive\桌面\單字庫\雅思單字.txt,4382
a3dd95c58d6110f1,supplicate,懇求；祈願；請求,IELTS,verb,,,,,,80,ai_initial:gpt-6-luna,"A formal, uncommon verb meaning to earnestly beg or pray for something.",,,high,review_required,C:\Users\123\OneDrive\桌面\單字庫\雅思單字.txt,4403
78534aed90127971,surety (for),擔保人，保證人；擔保；保證金,IELTS,noun,,,,,,75,ai_initial:gpt-6-luna,“Surety” is an uncommon formal or legal term for a guarantor; the sense is clear from the supplied Chinese.,,,high,review_required,C:\Users\123\OneDrive\桌面\單字庫\雅思單字.txt,4410
a9c965aebf74be6d,surfeit,使飲食過度，使厭膩（+with） / 過量，過度（+of）；飲食過度,IELTS,verb,,,,,,85,ai_initial:gpt-6-luna,"An uncommon, formal verb meaning to make someone weary or sick of something.",,,high,review_required,C:\Users\123\OneDrive\桌面\單字庫\雅思單字.txt,4411
96945045a8da764d,sycophant,馬屁精；阿諛奉承的人,IELTS,noun,,,,,,85,ai_initial:gpt-6-luna,"An uncommon, formal word for someone who flatters a person in power to gain favor.",,,high,review_required,C:\Users\123\OneDrive\桌面\單字庫\雅思單字.txt,4426
488c935eda283d85,syllable,音節；（常用於否定句）一言半語，少許表示 / 將……劃分音節、按音節發音；講話,IELTS,noun/verb,,B2,CEFR-J vocabulary profile 1.5 (lemma/POS proxy; not sense-aligned),,,55,ai_initial:gpt-6-luna,“Syllable” is a moderately specialized word for a basic unit of pronunciation; the supplied sense is clear.,,,high,review_required,C:\Users\123\OneDrive\桌面\單字庫\雅思單字.txt,4429
1c7fca565047dee1,syneresis=synaeresis,合音（兩個母音合成一音，如：雙母音）；音節省略；脫水收縮,IELTS,noun,,,,,,90,ai_initial:gpt-6-luna,A rare technical term; the example uses the supplied sense of a gel shrinking and expelling liquid.,,,high,review_required,C:\Users\123\OneDrive\桌面\單字庫\雅思單字.txt,4441
2f3e807f35b683b6,tantalize,逗惹；逗弄；吊人胃口；折磨,IELTS,verb,,,,,,75,ai_initial:gpt-6-luna,A relatively uncommon verb meaning to tease or torment someone by making something desirable seem just out of reach.,,,high,review_required,C:\Users\123\OneDrive\桌面\單字庫\雅思單字.txt,4457
58ee367778ca0404,tantamount (to),同等的，相當於,IELTS,adjective,,,,,,75,ai_initial:gpt-6-luna,"A relatively formal, less common adjective meaning equivalent to or effectively the same as something.",,,high,review_required,C:\Users\123\OneDrive\桌面\單字庫\雅思單字.txt,4458
c2f76b931ccffd86,tarnish,使失去光澤，使變灰暗；敗壞，玷汙（名譽等）、失去光澤，變灰暗；蒙受恥辱，被玷汙 / 晦暗，無光澤；玷汙；汙點,IELTS,noun/verb,,,,,,65,ai_initial:gpt-6-luna,A moderately advanced word used for loss of shine or damage to a reputation.,,,high,review_required,C:\Users\123\OneDrive\桌面\單字庫\雅思單字.txt,4460
cc183416a377dc17,technography,技術工藝學,IELTS,noun,,,,,,95,ai_initial:gpt-6-luna,"Rare, specialized term; the supplied Chinese sense is not clear enough to support a reliable example.",,,low,review_required,C:\Users\123\OneDrive\桌面\單字庫\雅思單字.txt,4467
0f5806a859f95cdb,teem,倒出；把（鋼水等）注入模具、（雨、水等）傾注，傾瀉,IELTS,verb,,,,,,85,ai_initial:gpt-6-luna,"This is a rare, specialized use of “teem” meaning to pour molten metal into a mold.",,,medium,review_required,C:\Users\123\OneDrive\桌面\單字庫\雅思單字.txt,4469
4f17b14cea5e45e1,telescope,使套疊；使相嵌；縮短、套疊；相嵌；變短 / （單筒）望遠鏡；縮疊式旅行袋,IELTS,noun/verb,,B2,CEFR-J vocabulary profile 1.5 (lemma/POS proxy; not sense-aligned),,,65,ai_initial:gpt-6-luna,"The noun meaning “望遠鏡” is familiar, but the verb meaning to collapse or shorten in sections is less common.",,,high,review_required,C:\Users\123\OneDrive\桌面\單字庫\雅思單字.txt,4472
b8fdd3cc004110dc,temporize,順應時勢，迎合潮流；妥協、（為了爭取有利條件而）拖延時間,IELTS,verb,,,,,,85,ai_initial:gpt-6-luna,"An uncommon, formal verb with several related senses, including delaying to gain an advantage.",,,high,review_required,C:\Users\123\OneDrive\桌面\單字庫\雅思單字.txt,4477
207ac976ae9b2b17,tempt,引誘，誘惑，勾引（+to/into）；吸引，打動；引起（+to/into）,IELTS,verb,,B1,CEFR-J vocabulary profile 1.5 (lemma/POS proxy; not sense-aligned),,,50,ai_initial:gpt-6-luna,"A fairly common verb, though its different patterns and shades of meaning can be challenging.",,,high,review_required,C:\Users\123\OneDrive\桌面\單字庫\雅思單字.txt,4478
52f0150899bad7d7,tendency (to/toward),傾向；癖性；天分；趨勢，潮流,IELTS,noun,,,,,,50,ai_initial:gpt-6-luna,A moderately common abstract noun; the example uses the sense of a recurring inclination.,,,high,review_required,C:\Users\123\OneDrive\桌面\單字庫\雅思單字.txt,4482
8527f574ccf155bc,theorize,建立理論（或學說）；理論化；推理,IELTS,verb,,,,,,65,ai_initial:gpt-6-luna,An abstract verb used for forming or reasoning from theories; likely less familiar to general learners than everyday verbs.,,,high,review_required,C:\Users\123\OneDrive\桌面\單字庫\雅思單字.txt,4509
8923542320036a19,tincture,酊（劑）（+of）；顏色，色彩 / 著色於，染；使帶有……氣息（或風味、特徵）（+with）,IELTS,動詞/名詞,,,,,,80,ai_initial:gpt-6-luna,較少見的字，兼有藥劑、色彩及「使帶有某種特徵」等用法。,,,high,review_required,C:\Users\123\OneDrive\桌面\單字庫\雅思單字.txt,4522
afbfea3dea36d0f6,transact,辦理，處理、交易；談判,IELTS,verb,,,,,,65,ai_initial:gpt-6-luna,"A relatively formal verb with several related meanings, including conducting business or handling dealings.",,,high,review_required,C:\Users\123\OneDrive\桌面\單字庫\雅思單字.txt,4549
49634103fc28395e,transact with sb for sth,"與某人商談以便實現某事,為某事與某人談判",IELTS,verbphrase,,,,,,70,ai_initial:gpt-6-luna,"“Transact” is a relatively formal, less common verb, and this construction refers to negotiating with someone to obtain something.",,,medium,review_required,C:\Users\123\OneDrive\桌面\單字庫\雅思單字.txt,4550
de238da380c56c99,transcend,超越；優於,IELTS,verb,,,,,,75,ai_initial:gpt-6-luna,"An abstract, formal verb meaning to go beyond or surpass; less common than basic words like “exceed.”",,,high,review_required,C:\Users\123\OneDrive\桌面\單字庫\雅思單字.txt,4552
a3c3e1233f4edb47,transfigure,使變形；使改觀；美化，理想化,IELTS,verb,,,,,,85,ai_initial:gpt-6-luna,"A relatively uncommon, literary verb meaning to transform something strikingly or make it seem more beautiful or ideal.",,,high,review_required,C:\Users\123\OneDrive\桌面\單字庫\雅思單字.txt,4562
1b3643c591b9104e,transfuse,輸（血）；注射；移注；傾注；灌輸,IELTS,verb,,,,,,75,ai_initial:gpt-6-luna,Uncommon and often used in medical contexts; the blood-transfusion sense is clear.,,,high,review_required,C:\Users\123\OneDrive\桌面\單字庫\雅思單字.txt,4563
b224f686e0ad33b6,translate,翻譯，轉譯（+from/into）；（用另外的詞語）解釋，說明，表達（+into）、翻譯；被翻譯；從事翻譯工作,IELTS,verb,,B1,CEFR-J vocabulary profile 1.5 (lemma/POS proxy; not sense-aligned),,,40,ai_initial:gpt-6-luna,"A common verb, though its figurative sense of expressing something in different words may be less familiar than language translation.",,,high,review_required,C:\Users\123\OneDrive\桌面\單字庫\雅思單字.txt,4571
2ba20fe5da1552ad,transmit,傳送，傳達；傳（光、熱、聲等）；傳動、播送信號；發報,IELTS,verb,,B2,CEFR-J vocabulary profile 1.5 (lemma/POS proxy; not sense-aligned),,,55,ai_initial:gpt-6-luna,A moderately common verb with several related technical and communication senses.,,,high,review_required,C:\Users\123\OneDrive\桌面\單字庫\雅思單字.txt,4577
60a4b169b424e28a,transpire,被人知道，透露；發生、使蒸發；使散發；使排出,IELTS,verb,,,,,,75,ai_initial:gpt-6-luna,"An uncommon, formal verb with several senses; this example uses the supplied sense “發生.”",,,high,review_required,C:\Users\123\OneDrive\桌面\單字庫\雅思單字.txt,4580
00e849c8911e2755,typify,為……的典型，具有……的特點；代表，象徵,IELTS,verb,,,,,,65,ai_initial:gpt-6-luna,A relatively uncommon verb meaning to be a typical example of something or to embody its characteristics.,,,high,review_required,C:\Users\123\OneDrive\桌面\單字庫\雅思單字.txt,4629
05852e76385c125e,ultimatum,最後通牒；最後結論；基本原理,IELTS,noun,,,,,,75,ai_initial:gpt-6-luna,The standard sense is a final demand backed by a consequence; the other Chinese glosses do not normally describe “ultimatum.”,The workers gave the company an ultimatum: raise wages or face a strike.,工人向公司發出最後通牒：提高薪資，否則就罷工。,medium,review_required,C:\Users\123\OneDrive\桌面\單字庫\雅思單字.txt,4638
fa0d874710d5b68f,unavoidable,不可避免的；不能廢除的,IELTS,adjective,,,,,,50,ai_initial:gpt-6-luna,The sense “不可避免的” is clear; “不能廢除的” is not a usual equivalent of this word.,Some delays are unavoidable during a storm.,暴風雨期間，有些延誤是不可避免的。,medium,review_required,C:\Users\123\OneDrive\桌面\單字庫\雅思單字.txt,4646
da623b2624eb035a,unbecoming (to),不適當的，不相稱的；不得體的；（服飾等）不合身的；不相配的,IELTS,adjective,,,,,,75,ai_initial:gpt-6-luna,"A relatively formal, less common adjective meaning inappropriate or not befitting someone or something.",,,high,review_required,C:\Users\123\OneDrive\桌面\單字庫\雅思單字.txt,4648
5cf3666be7da199f,undercharge,對……要價（或收費）過低；未給（槍等）裝足火藥 / 過低的索價；不足量的充填,IELTS,verb,,,,,,50,ai_initial:gpt-6-luna,"The meaning is clear, and the word’s parts offer some clues, but this sense is less common than basic uses of charge.",,,high,review_required,C:\Users\123\OneDrive\桌面\單字庫\雅思單字.txt,4658
8aec52c60bfe5659,underlie,位於……的下面；置於……之下；構成……的基礎,IELTS,verb,,,,,,70,ai_initial:gpt-6-luna,"A relatively uncommon verb, especially in its figurative sense of forming a basis.",,,high,review_required,C:\Users\123\OneDrive\桌面\單字庫\雅思單字.txt,4665
486318c100795271,understate,對…輕描淡寫；不如實陳述；避重就輕地說,IELTS,verb,,,,,,60,ai_initial:gpt-6-luna,A moderately challenging verb meaning to describe something as less serious or significant than it really is.,,,high,review_required,C:\Users\123\OneDrive\桌面\單字庫\雅思單字.txt,4669
3a023d73b7e497e8,undulate,波動，起伏、（聲音）忽高忽低；（音量）忽大忽小；（節奏）忽快忽慢 / 波浪形的；起伏的,IELTS,verb,,,,,,75,ai_initial:gpt-6-luna,"An uncommon, relatively advanced verb for a sound or rhythm that rises and falls.",,,high,review_required,C:\Users\123\OneDrive\桌面\單字庫\雅思單字.txt,4674
4d0fddb097f4a2a3,unsettle,使心神不寧；使動搖；使不安定；使混亂,IELTS,verb,,,,,,55,ai_initial:gpt-6-luna,A moderately familiar verb with several related senses; the example uses the sense of making someone uneasy.,,,high,review_required,C:\Users\123\OneDrive\桌面\單字庫\雅思單字.txt,4690
1a253a899c255605,upkeep (of),維修費；保養費,IELTS,noun,,,,,,55,ai_initial:gpt-6-luna,“Upkeep” meaning maintenance costs is less common than basic everyday vocabulary but readily understood in context.,,,high,review_required,C:\Users\123\OneDrive\桌面\單字庫\雅思單字.txt,4699
728e6968a10214e4,keep sb up,使（某人）不睡覺，耽誤（某人）睡覺,IELTS,phrasalverb,,,,,,45,ai_initial:gpt-6-luna,"The words are common, but the sleep-related meaning of this phrasal verb is idiomatic.",,,high,review_required,C:\Users\123\OneDrive\桌面\單字庫\雅思單字.txt,4700
115945b75b3b9e65,upbraid,責罵，訓斥（+for/with）,IELTS,verb,,,,,,80,ai_initial:gpt-6-luna,"An uncommon, formal verb for scolding or reprimanding someone.",,,high,review_required,C:\Users\123\OneDrive\桌面\單字庫\雅思單字.txt,4701
0fd5d6c1e74786cd,upheave,漲起，鼓起；舉起；（使）隆起；（使）發生混亂,IELTS,verb,,,,,,85,ai_initial:gpt-6-luna,An uncommon verb; the example uses the supplied sense of causing something to隆起.,,,high,review_required,C:\Users\123\OneDrive\桌面\單字庫\雅思單字.txt,4704
3b53267a67ba0020,vaccinate (against),給…接種疫苗,IELTS,verb,,,,,,45,ai_initial:gpt-6-luna,"A fairly familiar health-related verb, though less common than everyday words.",,,high,review_required,C:\Users\123\OneDrive\桌面\單字庫\雅思單字.txt,4720
eea69356d83ad1f8,vacillate (between),躊躇；猶豫；搖擺不定,IELTS,verb,,,,,,75,ai_initial:gpt-6-luna,"“Vacillate” is a relatively uncommon, advanced verb meaning to hesitate or waver between choices.",,,high,review_required,C:\Users\123\OneDrive\桌面\單字庫\雅思單字.txt,4721
219a1f70c818e897,be at variance (with sb/sth),與…有分歧；與…存在差異,IELTS,verbphrase,,,,,,75,ai_initial:gpt-6-luna,This is a relatively formal expression for disagreement or discrepancy.,,,high,review_required,C:\Users\123\OneDrive\桌面\單字庫\雅思單字.txt,4738
2d6baab3568b33dd,vestige (of),殘餘；遺跡,IELTS,noun,,,,,,75,ai_initial:gpt-6-luna,"“Vestige” is a relatively uncommon, somewhat formal noun meaning a small remaining trace or remnant.",,,high,review_required,C:\Users\123\OneDrive\桌面\單字庫\雅思單字.txt,4783
4011229a79c0e267,vestment,官服，禮服；法衣；祭袍,IELTS,noun,,,,,,90,ai_initial:gpt-6-luna,"A rare, specialized term for ceremonial or religious clothing.",,,high,review_required,C:\Users\123\OneDrive\桌面\單字庫\雅思單字.txt,4784
5be9e04c1ffe2f18,vicissitude,變化無常；變換；盛衰；興敗,IELTS,noun,,,,,,85,ai_initial:gpt-6-luna,"An uncommon, formal word for changes in circumstances, especially their ups and downs.",,,high,review_required,C:\Users\123\OneDrive\桌面\單字庫\雅思單字.txt,4788
a64e09e1c622816e,vigilance (of),警覺；警戒；警惕,IELTS,noun,,,,,,70,ai_initial:gpt-6-luna,An abstract noun for careful alertness; moderately advanced vocabulary.,,,high,review_required,C:\Users\123\OneDrive\桌面\單字庫\雅思單字.txt,4790
66d2d42db457a06a,vignette (of),（清晰描述特點的）短文，片段，小插曲,IELTS,noun,,,,,,70,ai_initial:gpt-6-luna,This literary sense of “vignette” is less common than everyday vocabulary.,,,high,review_required,C:\Users\123\OneDrive\桌面\單字庫\雅思單字.txt,4792
f71f15bc4a43f680,viola,中提琴（演奏者）,IELTS,noun,,,,,,50,ai_initial:gpt-6-luna,"“Viola” usually names the instrument; the supplied Chinese appears to mean a player, a sense I cannot confidently verify.",,,low,review_required,C:\Users\123\OneDrive\桌面\單字庫\雅思單字.txt,4799
62074cc5fa9099cb,visual,視覺的；視力的 / 視覺材料（展示或說明用的圖畫、照片、影片等）,IELTS,名詞/形容詞,,B1,CEFR-J vocabulary profile 1.5 (lemma/POS proxy; not sense-aligned),,,40,ai_initial:gpt-6-luna,常見的形容詞；作名詞時也可指用於展示或說明的視覺材料。,,,high,review_required,C:\Users\123\OneDrive\桌面\單字庫\雅思單字.txt,4813
5c4ee9dd1cd277ce,visualize=visualise,使形象化；使能被看見,IELTS,verb,,,,,,55,ai_initial:gpt-6-luna,A moderately common verb; its meaning is understandable but somewhat abstract.,,,high,review_required,C:\Users\123\OneDrive\桌面\單字庫\雅思單字.txt,4814
66c4a41378c41f93,whet,磨，磨快；刺激，促進；增強（食欲、慾望等） / 磨；開胃物（如酒等）；刺激物,IELTS,noun/verb,,,,,,75,ai_initial:gpt-6-luna,The verb meaning “stimulate or increase appetite or desire” is fairly uncommon; the sharpening sense and related noun use add some complexity.,,,high,review_required,C:\Users\123\OneDrive\桌面\單字庫\雅思單字.txt,4860
2213e817064f4edd,wrangle (about/over),（尤指長時間的）爭論，爭辯,IELTS,verb,,,,,,75,ai_initial:gpt-6-luna,"This sense of “wrangle” is an uncommon verb meaning to argue, often at length, about something.",,,high,review_required,C:\Users\123\OneDrive\桌面\單字庫\雅思單字.txt,4879
b9165786228e4ed1,writhe,扭動；蠕動、痛苦不安，難堪,IELTS,verb,,,,,,75,ai_initial:gpt-6-luna,“Writhe” is an uncommon verb for twisting or squirming in discomfort or embarrassment.,,,high,review_required,C:\Users\123\OneDrive\桌面\單字庫\雅思單字.txt,4883
2c5cf1968b0f8c0d,involve,包括，包含、涉及、使參與，牽涉,IELTS,verb,,B1,CEFR-J vocabulary profile 1.5 (lemma/POS proxy; not sense-aligned),,,45,ai_initial:gpt-6-luna,"A common verb with several related senses, including requiring participation or being connected with something.",,,high,review_required,C:\Users\123\OneDrive\桌面\單字庫\雅思單字.txt,4896
dad940349a1f4e1f,irradiance,發光；光輝；燦爛,IELTS,noun,,,,,,85,ai_initial:gpt-6-luna,"“Irradiance” usually refers to radiation falling on a surface, so the supplied sense of radiance or brilliance is uncertain.",,,low,review_required,C:\Users\123\OneDrive\桌面\單字庫\雅思單字.txt,4908
e54d00e4102f89ca,irrelevant (to),不相關的，不切題的,IELTS,adjective,,,,,,45,ai_initial:gpt-6-luna,A moderately advanced but fairly common adjective meaning unrelated to a topic or question.,,,high,review_required,C:\Users\123\OneDrive\桌面\單字庫\雅思單字.txt,4914
42612b5ceea76166,irritate,激怒，使惱火、使發炎；使疼痛,IELTS,verb,,B1,CEFR-J vocabulary profile 1.5 (lemma/POS proxy; not sense-aligned),,,50,ai_initial:gpt-6-luna,A fairly common verb; its related senses of annoying someone and causing physical irritation may require context.,,,high,review_required,C:\Users\123\OneDrive\桌面\單字庫\雅思單字.txt,4929
eda9a1010e004e5d,isolate (from),隔離；孤立；分離,IELTS,verb,,,,,,60,ai_initial:gpt-6-luna,"A moderately advanced verb, especially in the sense of separating something from a source.",,,high,review_required,C:\Users\123\OneDrive\桌面\單字庫\雅思單字.txt,4935
4679d7b386c198db,prevalent (among),流行的，盛行的，普遍的,IELTS,adjective,,,,,,65,ai_initial:gpt-6-luna,"“Prevalent” is a moderately advanced adjective meaning widespread or common, especially within a group.",,,high,review_required,C:\Users\123\OneDrive\桌面\單字庫\雅思單字.txt,4944
1b01d28d4adee286,probe,盤問；追問；探究、（用工具）探查，探測(+in/into) / 探索；探查；查究；調查、（醫生用的）探針、探測器,IELTS,verb,,B2,CEFR-J vocabulary profile 1.5 (lemma/POS proxy; not sense-aligned),,,65,ai_initial:gpt-6-luna,"A moderately advanced verb, especially in the sense of investigating or examining something closely.",,,high,review_required,C:\Users\123\OneDrive\桌面\單字庫\雅思單字.txt,4965
561a23d0454d00ad,proffer,提供，提出，奉獻 / 提供，提出；提議，建議,IELTS,verb,,,,,,80,ai_initial:gpt-6-luna,"A relatively uncommon, formal verb meaning to offer or put forward something.",,,high,review_required,C:\Users\123\OneDrive\桌面\單字庫\雅思單字.txt,4979
d6f49d7b000966a1,proficiency (in),熟練；精通,IELTS,noun,,,,,,70,ai_initial:gpt-6-luna,An abstract noun commonly used to describe a high level of skill or ability.,,,high,review_required,C:\Users\123\OneDrive\桌面\單字庫\雅思單字.txt,4980
554bd4c8ee40777b,proficient (in/at),熟練的；精通的,IELTS,adjective,,,,,,55,ai_initial:gpt-6-luna,A moderately advanced adjective for having strong skill or ability in something.,,,high,review_required,C:\Users\123\OneDrive\桌面\單字庫\雅思單字.txt,4981
70374d40d12af04f,prolong,延長，拖延,IELTS,verb,,,,,,45,ai_initial:gpt-6-luna,A moderately familiar verb meaning to make something last longer or delay its completion.,,,high,review_required,C:\Users\123\OneDrive\桌面\單字庫\雅思單字.txt,4997
2c7fce0da1b1d453,promulgate,傳播，宣揚（思想或信仰）、頒布，公佈（尤指新法律）,IELTS,verb,,,,,,80,ai_initial:gpt-6-luna,"A formal, relatively uncommon verb; its meaning depends on context, such as announcing a law or spreading an idea.",,,high,review_required,C:\Users\123\OneDrive\桌面\單字庫\雅思單字.txt,5005
b467e4609c106f0b,propel,推進，推動,IELTS,verb,,,,23740,wordfreq 3.x large English combined frequency list; corpus rank (approximate),60,ai_initial:gpt-6-luna,A moderately advanced verb meaning to push or drive something forward.,,,high,review_required,C:\Users\123\OneDrive\桌面\單字庫\雅思單字.txt,5008
a49de9b1091a5734,proportionate (to),與…成比例的,IELTS,adjective,,,,,,60,ai_initial:gpt-6-luna,A moderately advanced adjective meaning that one amount changes in a suitable ratio to another.,,,high,review_required,C:\Users\123\OneDrive\桌面\單字庫\雅思單字.txt,5014
80ddfc658449f65f,protege=protégé,受提攜的後進；門徒，門生,IELTS,noun,,,,,,65,ai_initial:gpt-6-luna,"The sense is clear, but protege is less common than everyday words for a student or learner.",,,high,review_required,C:\Users\123\OneDrive\桌面\單字庫\雅思單字.txt,5030
2f5f53febdefbfd5,protrude (from),伸出，突出，鼓出,IELTS,verb,,,,,,60,ai_initial:gpt-6-luna,“Protrude” is a moderately uncommon verb meaning to stick out or extend beyond a surface.,,,high,review_required,C:\Users\123\OneDrive\桌面\單字庫\雅思單字.txt,5037
5afbe3ae5fcbbfc6,prudery=prudishness,（對性問題）大驚小怪，迂腐守舊，偽善,IELTS,noun,,,,,,75,ai_initial:gpt-6-luna,"An uncommon abstract noun for excessive, often hypocritical modesty about sexual matters.",,,high,review_required,C:\Users\123\OneDrive\桌面\單字庫\雅思單字.txt,5053
01c92c217c3b66d7,purport,大意，主旨 / 聲稱，標榜(+to),IELTS,動詞／名詞,,,,,,75,ai_initial:gpt-6-luna,「purport」作動詞表示「聲稱」，語氣較正式；作名詞可指大意或主旨。,,,high,review_required,C:\Users\123\OneDrive\桌面\單字庫\雅思單字.txt,5076
140a756eb8c2cb9a,define,給...下定義、界定,high_school,verb,,B1,CEFR-J vocabulary profile 1.5 (lemma/POS proxy; not sense-aligned),,,35,ai_initial:gpt-6-luna,A common verb; its abstract sense of setting or stating limits takes some context to understand.,,,high,review_required,C:\Users\123\OneDrive\桌面\單字庫\高中英文單字_第一到第三級.md,11
c5e6375f0251bc0d,file,檔案、卷宗；歸檔、提出,high_school,noun/verb,,,,,,45,ai_initial:gpt-6-luna,"Common word, but its document-related noun and verb senses require context.",,,high,review_required,C:\Users\123\OneDrive\桌面\單字庫\高中英文單字_第一到第三級.md,12
ea10dd6d2ae8737a,bar,酒吧、條狀物；阻攔、禁止,high_school,noun/verb,,,,,,45,ai_initial:gpt-6-luna,"The noun senses are familiar, but the verb sense meaning “prohibit” may be less familiar.",,,medium,review_required,C:\Users\123\OneDrive\桌面\單字庫\高中英文單字_第一到第三級.md,50
45b925fb1e89be7d,café / cafe,咖啡館、小餐館,high_school,noun,,,,,,25,ai_initial:gpt-6-luna,"A common, concrete place-word; the supplied sense is straightforward.",,,high,review_required,C:\Users\123\OneDrive\桌面\單字庫\高中英文單字_第一到第三級.md,66
cee615b9e1f81f51,challenge,挑戰、質疑,high_school,noun/verb,,,,,,50,ai_initial:gpt-6-luna,"A common word, though understanding its sense as questioning or disputing something requires context.",,,high,review_required,C:\Users\123\OneDrive\桌面\單字庫\高中英文單字_第一到第三級.md,69
eac332456bda2bb7,combine,結合、合併,high_school,verb,,B1,CEFR-J vocabulary profile 1.5 (lemma/POS proxy; not sense-aligned),,,30,ai_initial:gpt-6-luna,A common verb meaning to bring things together or merge them; the sense is straightforward.,,,high,review_required,C:\Users\123\OneDrive\桌面\單字庫\高中英文單字_第一到第三級.md,79
dd2f08e49fa6696d,conclude,下結論、結束、締結,high_school,verb,,B1,CEFR-J vocabulary profile 1.5 (lemma/POS proxy; not sense-aligned),,,55,ai_initial:gpt-6-luna,A moderately common verb with several related senses; its use for formally making an agreement is less basic.,,,high,review_required,C:\Users\123\OneDrive\桌面\單字庫\高中英文單字_第一到第三級.md,82
4d33f4e750161450,condition,狀況、條件；使適應,high_school,noun/verb,,A2,CEFR-J vocabulary profile 1.5 (lemma/POS proxy; not sense-aligned),,,55,ai_initial:gpt-6-luna,"The noun is common, but the verb meaning “使適應” is less familiar and may be confused with other senses.",,,high,review_required,C:\Users\123\OneDrive\桌面\單字庫\高中英文單字_第一到第三級.md,83
4af6ee670aa6b5db,examine,檢查、審查、測驗,high_school,verb,,B1,CEFR-J vocabulary profile 1.5 (lemma/POS proxy; not sense-aligned),,,45,ai_initial:gpt-6-luna,A common intermediate verb meaning to inspect or check carefully.,,,high,review_required,C:\Users\123\OneDrive\桌面\單字庫\高中英文單字_第一到第三級.md,123
d89219b29e50274d,feature,特色、面貌；以...為特色,high_school,noun/verb,,,,,,40,ai_initial:gpt-6-luna,"“Feature” is common, though understanding its use for a distinctive characteristic or as “to be characterized by” takes some context.",,,high,review_required,C:\Users\123\OneDrive\桌面\單字庫\高中英文單字_第一到第三級.md,132
f2f1f5b3663e7d4a,forward / forwards,向前、前方的；推進,high_school,adjective/adverb,,,,,,35,ai_initial:gpt-6-luna,"A common, broadly useful word with familiar meanings for direction and progress.",,,high,review_required,C:\Users\123\OneDrive\桌面\單字庫\高中英文單字_第一到第三級.md,143
2da7a857daaece02,govern,統治、管理、支配,high_school,verb,,B1,CEFR-J vocabulary profile 1.5 (lemma/POS proxy; not sense-aligned),11752,wordfreq 3.x large English combined frequency list; corpus rank (approximate),50,ai_initial:gpt-6-luna,"A fairly common verb for ruling or managing, though its abstract use may be challenging for learners.",,,high,review_required,C:\Users\123\OneDrive\桌面\單字庫\高中英文單字_第一到第三級.md,151
cad3fe0205038f82,host / hostess,男主人、主持人；女主人,high_school,noun,,,,,,35,ai_initial:gpt-6-luna,"Both words are common, though host has more than one supplied sense.",,,high,review_required,C:\Users\123\OneDrive\桌面\單字庫\高中英文單字_第一到第三級.md,160
8f8f9774ab40e557,judgment / judgement,評判、判斷力、判決,high_school,noun,,,,,,45,ai_initial:gpt-6-luna,A common noun with several related senses; the legal sense is clear from context.,,,high,review_required,C:\Users\123\OneDrive\桌面\單字庫\高中英文單字_第一到第三級.md,176
5b862f2227960f0c,load,負載、負擔；裝載、裝填,high_school,noun/verb,,,,,,30,ai_initial:gpt-6-luna,A common word with familiar noun and verb senses; the supplied meanings are straightforward.,,,high,review_required,C:\Users\123\OneDrive\桌面\單字庫\高中英文單字_第一到第三級.md,189
da78a567f16efbcf,mention,提及、談起,high_school,noun/verb,,,,,,25,ai_initial:gpt-6-luna,Common word with a straightforward sense of referring to something in speech or writing.,,,high,review_required,C:\Users\123\OneDrive\桌面\單字庫\高中英文單字_第一到第三級.md,201
6dae6113a6a5ce22,network,網絡、網狀系統；建立人脈,high_school,noun/verb,,B1,CEFR-J vocabulary profile 1.5 (lemma/POS proxy; not sense-aligned),,,40,ai_initial:gpt-6-luna,Common word; the sense of building professional connections is fairly familiar but less basic than the noun sense.,,,high,review_required,C:\Users\123\OneDrive\桌面\單字庫\高中英文單字_第一到第三級.md,209
3c4656fda08ddaba,occur,發生、出現、被想起,high_school,verb,,B1,CEFR-J vocabulary profile 1.5 (lemma/POS proxy; not sense-aligned),,,55,ai_initial:gpt-6-luna,常見但偏正式；「被想起」的用法需要熟悉 occur to someone 這種結構。,,,high,review_required,C:\Users\123\OneDrive\桌面\單字庫\高中英文單字_第一到第三級.md,212
8c72f18843240ce6,receive,收到、接受、接待,high_school,verb,,A2,CEFR-J vocabulary profile 1.5 (lemma/POS proxy; not sense-aligned),,,30,ai_initial:gpt-6-luna,常見動詞，基本的「收到、接受、接待」用法通常容易理解。,,,high,review_required,C:\Users\123\OneDrive\桌面\單字庫\高中英文單字_第一到第三級.md,241
dba160b5a94821ee,record,紀錄、唱片；記錄、錄音,high_school,noun/verb,,,,,,25,ai_initial:gpt-6-luna,"A common word, though its noun and verb uses have several meanings.",,,high,review_required,C:\Users\123\OneDrive\桌面\單字庫\高中英文單字_第一到第三級.md,243
773f74d0f246082e,schedule,行程表、排程；安排時間,high_school,noun/verb,,,,,,35,ai_initial:gpt-6-luna,Common word with familiar timetable and time-arrangement senses.,,,high,review_required,C:\Users\123\OneDrive\桌面\單字庫\高中英文單字_第一到第三級.md,261
9a50a4af3a2b417b,smooth,平滑的、順利的；弄平、撫平,high_school,adjective/verb,,A2,CEFR-J vocabulary profile 1.5 (lemma/POS proxy; not sense-aligned),,,30,ai_initial:gpt-6-luna,"A common word with familiar meanings, though it has multiple uses.",,,high,review_required,C:\Users\123\OneDrive\桌面\單字庫\高中英文單字_第一到第三級.md,274
1726df50c951e2de,stretch,伸展、延伸、延續,high_school,noun/verb,,B1,CEFR-J vocabulary profile 1.5 (lemma/POS proxy; not sense-aligned),4003,wordfreq 3.x large English combined frequency list; corpus rank (approximate),40,ai_initial:gpt-6-luna,"A common word; its sense of extending across a distance is relatively accessible, though it has several meanings.",,,high,review_required,C:\Users\123\OneDrive\桌面\單字庫\高中英文單字_第一到第三級.md,288
73b3aada729f5c47,advertisement / ad,廣告,high_school,noun,,,,,,35,ai_initial:gpt-6-luna,"A common, concrete word for promotional material, with a straightforward Chinese equivalent.",,,high,review_required,C:\Users\123\OneDrive\桌面\單字庫\高中英文單字_第一到第三級.md,351
5305c1457194f40b,adviser / advisor,顧問、指導老師,high_school,noun,,,,,,35,ai_initial:gpt-6-luna,"A common, concrete role word; the supplied sense is clear.",,,high,review_required,C:\Users\123\OneDrive\桌面\單字庫\高中英文單字_第一到第三級.md,352
5e1c53582445b137,afford,負擔得起、買得起、提供,high_school,verb,,B1,CEFR-J vocabulary profile 1.5 (lemma/POS proxy; not sense-aligned),,,60,ai_initial:gpt-6-luna,The sense “provide” is less familiar than “be able to pay for” and is somewhat formal.,,,medium,review_required,C:\Users\123\OneDrive\桌面\單字庫\高中英文單字_第一到第三級.md,353
f0c881f5338b1230,afterward / afterwards,後來、之後、隨後,high_school,adverb,,,,,,20,ai_initial:gpt-6-luna,"A common adverb meaning at a later time; both supplied spellings are familiar, with “afterward” more common in American English and “afterwards” in British English.",,,high,review_required,C:\Users\123\OneDrive\桌面\單字庫\高中英文單字_第一到第三級.md,354
286833cd3a83702c,approve,贊成、同意、批准,high_school,verb,,B1,CEFR-J vocabulary profile 1.5 (lemma/POS proxy; not sense-aligned),,,35,ai_initial:gpt-6-luna,A common verb with a clear meaning in everyday and formal contexts.,,,high,review_required,C:\Users\123\OneDrive\桌面\單字庫\高中英文單字_第一到第三級.md,370
aedfe63b8fda32fe,arrest,逮捕、拘留、阻止,high_school,noun/verb,,B1,CEFR-J vocabulary profile 1.5 (lemma/POS proxy; not sense-aligned),,,40,ai_initial:gpt-6-luna,"A common word, though its arrest, detention, and stopping senses may require context.",,,high,review_required,C:\Users\123\OneDrive\桌面\單字庫\高中英文單字_第一到第三級.md,373
14b93bcc5361e137,automobile / auto,汽車,high_school,noun,,,,,,35,ai_initial:gpt-6-luna,"The sense is clear; “automobile” is less common and more formal than “car,” while “auto” is familiar in some contexts.",,,high,review_required,C:\Users\123\OneDrive\桌面\單字庫\高中英文單字_第一到第三級.md,383
75f37747f9fe7f63,benefit,好處、利益；獲益、有益於,high_school,noun/verb,,,,,,35,ai_initial:gpt-6-luna,"A common word with familiar meanings, though its abstract noun and verb uses may require context.",,,high,review_required,C:\Users\123\OneDrive\桌面\單字庫\高中英文單字_第一到第三級.md,409
62a4cf08f046cc76,cave,洞穴；塌陷、屈服,high_school,noun/verb,,B1,CEFR-J vocabulary profile 1.5 (lemma/POS proxy; not sense-aligned),,,50,ai_initial:gpt-6-luna,"The noun meaning “洞穴” is fairly common, while the verb meaning “屈服” is less common and often appears in “cave in.”",,,medium,review_required,C:\Users\123\OneDrive\桌面\單字庫\高中英文單字_第一到第三級.md,449
ce31b913d435b10d,chop,砍、剁、排骨；砍碎,high_school,noun/verb,,B2,CEFR-J vocabulary profile 1.5 (lemma/POS proxy; not sense-aligned),,,40,ai_initial:gpt-6-luna,"The verb sense meaning to chop food into pieces is fairly common, though the word has several related senses.",,,medium,review_required,C:\Users\123\OneDrive\桌面\單字庫\高中英文單字_第一到第三級.md,461
f1a4073ce402c530,cradle,搖籃、發源地；撫育、抱在懷裡,high_school,noun/verb,,,,,,55,ai_initial:gpt-6-luna,"The word has familiar concrete uses, but its less common verb sense and multiple meanings add some difficulty.",,,high,review_required,C:\Users\123\OneDrive\桌面\單字庫\高中英文單字_第一到第三級.md,499
7aeb77f546eecbcb,crane,起重機、鶴；伸長（脖子）,high_school,noun/verb,,,,,,50,ai_initial:gpt-6-luna,The word has several distinct meanings; the verb meaning is less common than the noun meanings.,,,high,review_required,C:\Users\123\OneDrive\桌面\單字庫\高中英文單字_第一到第三級.md,500
3977bb8167183ae1,crash,墜毀、碰撞、當機；猛撞,high_school,noun/verb,,B1,CEFR-J vocabulary profile 1.5 (lemma/POS proxy; not sense-aligned),,,50,ai_initial:gpt-6-luna,"A common word, but understanding its supplied senses depends on context.",,,high,review_required,C:\Users\123\OneDrive\桌面\單字庫\高中英文單字_第一到第三級.md,501
c8f74ced4e473ef2,crawl,爬行、匍匐前進、緩慢進行,high_school,noun/verb,,B2,CEFR-J vocabulary profile 1.5 (lemma/POS proxy; not sense-aligned),,,50,ai_initial:gpt-6-luna,"The basic movement sense is common, while the sense of making very slow progress is somewhat less familiar.",,,high,review_required,C:\Users\123\OneDrive\桌面\單字庫\高中英文單字_第一到第三級.md,502
a3fb66186289ef6f,dash,猛衝、短跑、破折號；急奔,high_school,noun/verb,,B2,CEFR-J vocabulary profile 1.5 (lemma/POS proxy; not sense-aligned),,,40,ai_initial:gpt-6-luna,"A familiar word with several distinct senses, including rushing, a short run, and a punctuation mark.",,,high,review_required,C:\Users\123\OneDrive\桌面\單字庫\高中英文單字_第一到第三級.md,517
10ec5e46c38ee578,dip,浸泡、蘸、下沉；浸泡、沾醬,high_school,noun/verb,,B2,CEFR-J vocabulary profile 1.5 (lemma/POS proxy; not sense-aligned),,,30,ai_initial:gpt-6-luna,"A common, short word; the sense of briefly putting something into sauce is fairly straightforward, though the word has several meanings.",,,high,review_required,C:\Users\123\OneDrive\桌面\單字庫\高中英文單字_第一到第三級.md,536
cb13cc5988178ee0,ditch,水溝、壕溝；拋棄、迫降水面,high_school,noun/verb,,,,,,65,ai_initial:gpt-6-luna,"The noun sense is fairly concrete, but the verb senses and especially ditching an aircraft on water are less familiar and context-dependent.",,,medium,review_required,C:\Users\123\OneDrive\桌面\單字庫\高中英文單字_第一到第三級.md,541
d27c6208357a78cd,drown,淹死、溺斃、淹沒,high_school,verb,,B1,CEFR-J vocabulary profile 1.5 (lemma/POS proxy; not sense-aligned),,,35,ai_initial:gpt-6-luna,"A common verb, though its exact sense depends on context.",,,high,review_required,C:\Users\123\OneDrive\桌面\單字庫\高中英文單字_第一到第三級.md,550
acd2388b6624e112,dust,灰塵、塵埃；拂去灰塵,high_school,noun/verb,,A2,CEFR-J vocabulary profile 1.5 (lemma/POS proxy; not sense-aligned),,,25,ai_initial:gpt-6-luna,Common everyday word with familiar noun and verb senses.,,,high,review_required,C:\Users\123\OneDrive\桌面\單字庫\高中英文單字_第一到第三級.md,554
ba9641c84fdd9b46,edit,編輯、校訂、剪輯,high_school,verb,,B2,CEFR-J vocabulary profile 1.5 (lemma/POS proxy; not sense-aligned),,,35,ai_initial:gpt-6-luna,常見動詞；此處表示修改文字，使內容更準確或清楚。,,,high,review_required,C:\Users\123\OneDrive\桌面\單字庫\高中英文單字_第一到第三級.md,557
48166cda1f6fa835,educate,教育、培養、訓練,high_school,verb,,B1,CEFR-J vocabulary profile 1.5 (lemma/POS proxy; not sense-aligned),,,40,ai_initial:gpt-6-luna,"A fairly common verb for teaching, developing, or training someone.",,,high,review_required,C:\Users\123\OneDrive\桌面\單字庫\高中英文單字_第一到第三級.md,559
be330ad6bed93734,erase,擦掉、抹去、消除,high_school,verb,,,,,,35,ai_initial:gpt-6-luna,"A common, concrete verb for removing marks or information.",,,high,review_required,C:\Users\123\OneDrive\桌面\單字庫\高中英文單字_第一到第三級.md,578
c9ad6a27a064c1c3,explode,爆炸、爆發、激增,high_school,verb,,B2,CEFR-J vocabulary profile 1.5 (lemma/POS proxy; not sense-aligned),,,45,ai_initial:gpt-6-luna,"A familiar verb, though understanding it in the sense of a sudden sharp increase requires some contextual interpretation.",,,high,review_required,C:\Users\123\OneDrive\桌面\單字庫\高中英文單字_第一到第三級.md,584
c6df98790caf3a58,explore,探索、探險、探討,high_school,verb,,A2,CEFR-J vocabulary profile 1.5 (lemma/POS proxy; not sense-aligned),,,35,ai_initial:gpt-6-luna,A common verb with several related senses that are usually clear from context.,,,high,review_required,C:\Users\123\OneDrive\桌面\單字庫\高中英文單字_第一到第三級.md,585
a48fd83955a10f10,flame,火焰、熱情；燃燒、發光,high_school,noun/verb,,B2,CEFR-J vocabulary profile 1.5 (lemma/POS proxy; not sense-aligned),,,45,ai_initial:gpt-6-luna,"The noun sense is familiar, but the verb sense and the figurative sense of passion are less common.",,,high,review_required,C:\Users\123\OneDrive\桌面\單字庫\高中英文單字_第一到第三級.md,604
55f20b062b6e1181,gasoline / gas,汽油,high_school,noun,,,,,,45,ai_initial:gpt-6-luna,"A common concrete noun, though “gas” meaning 汽油 is mainly American usage.",,,high,review_required,C:\Users\123\OneDrive\桌面\單字庫\高中英文單字_第一到第三級.md,626
7a6f5b2ffeb598e5,grab,抓取、奪取、匆忙拿取,high_school,noun/verb,,B1,CEFR-J vocabulary profile 1.5 (lemma/POS proxy; not sense-aligned),,,35,ai_initial:gpt-6-luna,"A common verb for seizing or quickly taking something, though its meanings can vary by context.",,,high,review_required,C:\Users\123\OneDrive\桌面\單字庫\高中英文單字_第一到第三級.md,633
46fab406164ed341,grasp,緊抓、領會、理解,high_school,noun/verb,,B2,CEFR-J vocabulary profile 1.5 (lemma/POS proxy; not sense-aligned),,,55,ai_initial:gpt-6-luna,A moderately common word with both literal and abstract meanings; the abstract sense may be less familiar to learners.,,,high,review_required,C:\Users\123\OneDrive\桌面\單字庫\高中英文單字_第一到第三級.md,635
f808feb132cd4c11,hesitate,猶豫、躊躇、遲疑,high_school,verb,,B1,CEFR-J vocabulary profile 1.5 (lemma/POS proxy; not sense-aligned),,,40,ai_initial:gpt-6-luna,A common verb for pausing because one is uncertain or reluctant.,,,high,review_required,C:\Users\123\OneDrive\桌面\單字庫\高中英文單字_第一到第三級.md,662
f8496fd521d14cb0,import,進口、進口商品；輸入,high_school,noun/verb,,B2,CEFR-J vocabulary profile 1.5 (lemma/POS proxy; not sense-aligned),,,45,ai_initial:gpt-6-luna,"A common word, though its use for bringing goods into a country may be less familiar than its everyday uses.",,,high,review_required,C:\Users\123\OneDrive\桌面\單字庫\高中英文單字_第一到第三級.md,683
18b09c56253b7691,impress,給...深刻印象、使銘記,high_school,verb,,A2,CEFR-J vocabulary profile 1.5 (lemma/POS proxy; not sense-aligned),,,45,ai_initial:gpt-6-luna,"A common verb, though using it to mean making someone remember something often involves a less familiar sentence pattern.",,,high,review_required,C:\Users\123\OneDrive\桌面\單字庫\高中英文單字_第一到第三級.md,684
c1cf7b8cabc0f36c,indoor,室內的、戶內的,high_school,adjective,,A2,CEFR-J vocabulary profile 1.5 (lemma/POS proxy; not sense-aligned),,,20,ai_initial:gpt-6-luna,"A common, concrete adjective with a straightforward meaning.",,,high,review_required,C:\Users\123\OneDrive\桌面\單字庫\高中英文單字_第一到第三級.md,685
36de660026323dd4,inferior,低劣的、下級的；部下,high_school,adjective/noun,,,,,,60,ai_initial:gpt-6-luna,A moderately advanced word; its subordinate-noun use is less common than its adjective use.,,,high,review_required,C:\Users\123\OneDrive\桌面\單字庫\高中英文單字_第一到第三級.md,688
c9c46117a085b49d,inform,通知、告知、告發,high_school,verb,,B1,CEFR-J vocabulary profile 1.5 (lemma/POS proxy; not sense-aligned),,,35,ai_initial:gpt-6-luna,A common verb for giving information; its use for reporting wrongdoing is somewhat more context-dependent.,,,high,review_required,C:\Users\123\OneDrive\桌面\單字庫\高中英文單字_第一到第三級.md,689
ebf00e3f280eccaa,inspect,檢查、視察、查驗,high_school,verb,,B2,CEFR-J vocabulary profile 1.5 (lemma/POS proxy; not sense-aligned),,,35,ai_initial:gpt-6-luna,A fairly common verb for carefully checking or examining something.,,,high,review_required,C:\Users\123\OneDrive\桌面\單字庫\高中英文單字_第一到第三級.md,694
b30e90d585e542b6,lace,蕾絲、鞋帶；繫帶子,high_school,noun/verb,,,,,,30,ai_initial:gpt-6-luna,Common in clothing and footwear contexts; the verb sense is slightly less basic.,,,high,review_required,C:\Users\123\OneDrive\桌面\單字庫\高中英文單字_第一到第三級.md,719
6c0e6afafce16886,mankind / humankind,人類（總稱）,high_school,noun,,,,,,40,ai_initial:gpt-6-luna,"A familiar collective noun, though somewhat formal and less common in everyday speech than “people.”",,,high,review_required,C:\Users\123\OneDrive\桌面\單字庫\高中英文單字_第一到第三級.md,751
2ae19d47299bfcdd,mend,修補、修復、改正,high_school,verb,,B1,CEFR-J vocabulary profile 1.5 (lemma/POS proxy; not sense-aligned),,,40,ai_initial:gpt-6-luna,A familiar but somewhat less common verb for repairing or correcting something.,,,high,review_required,C:\Users\123\OneDrive\桌面\單字庫\高中英文單字_第一到第三級.md,762
84dd6381dbceb099,microphone / mike,麥克風、話筒,high_school,noun,,,,,,25,ai_initial:gpt-6-luna,「麥克風」是常見且具體的日常詞彙；「話筒」也是相近的常見說法。,,,high,review_required,C:\Users\123\OneDrive\桌面\單字庫\高中英文單字_第一到第三級.md,766
b388c144ce362044,outline,大綱、輪廓；概述、畫出輪廓,high_school,noun/verb,,,,,,40,ai_initial:gpt-6-luna,A fairly common word with several related noun and verb uses; the sense is usually clear from context.,,,high,review_required,C:\Users\123\OneDrive\桌面\單字庫\高中英文單字_第一到第三級.md,818
ebbf01c0c94071d6,perform,表演、執行、履行,high_school,verb,,A2,CEFR-J vocabulary profile 1.5 (lemma/POS proxy; not sense-aligned),,,40,ai_initial:gpt-6-luna,"A common verb, though understanding it across its related senses requires some context.",,,high,review_required,C:\Users\123\OneDrive\桌面\單字庫\高中英文單字_第一到第三級.md,842
c0e731b6a6439ab1,persuade,說服、勸告、使相信,high_school,verb,,B1,CEFR-J vocabulary profile 1.5 (lemma/POS proxy; not sense-aligned),,,40,ai_initial:gpt-6-luna,A common verb for convincing someone to do or believe something; its meaning is generally accessible to intermediate learners.,,,high,review_required,C:\Users\123\OneDrive\桌面\單字庫\高中英文單字_第一到第三級.md,846
775e33a9d304cefb,pilot,飛行員、領航員；駕駛、引導,high_school,noun/verb,,A2,CEFR-J vocabulary profile 1.5 (lemma/POS proxy; not sense-aligned),,,40,ai_initial:gpt-6-luna,"A common word with familiar basic senses, though its noun and verb uses may require context.",,,high,review_required,C:\Users\123\OneDrive\桌面\單字庫\高中英文單字_第一到第三級.md,849
b014e0c31637df84,pretend,假裝、裝作,high_school,verb,,A2,CEFR-J vocabulary profile 1.5 (lemma/POS proxy; not sense-aligned),,,30,ai_initial:gpt-6-luna,"A common, concrete verb for acting as if something is true; generally accessible to learners.",,,high,review_required,C:\Users\123\OneDrive\桌面\單字庫\高中英文單字_第一到第三級.md,875
27219f7b0ca36815,rank,等級、階級；排名、列入,high_school,noun/verb,,B1,CEFR-J vocabulary profile 1.5 (lemma/POS proxy; not sense-aligned),,,40,ai_initial:gpt-6-luna,"A common word, though its noun and verb uses may take some context to distinguish.",,,high,review_required,C:\Users\123\OneDrive\桌面\單字庫\高中英文單字_第一到第三級.md,895
e600be09a4450993,react,反應、起作用、反抗,high_school,verb,,B1,CEFR-J vocabulary profile 1.5 (lemma/POS proxy; not sense-aligned),,,40,ai_initial:gpt-6-luna,"A common verb for responding to something, though it has several distinct senses.",,,high,review_required,C:\Users\123\OneDrive\桌面\單字庫\高中英文單字_第一到第三級.md,900
92d0edaaaec5af11,recognize,認出、承認、識別,high_school,verb,,,,,,35,ai_initial:gpt-6-luna,Common verb with a familiar sense of identifying someone previously known.,,,high,review_required,C:\Users\123\OneDrive\桌面\單字庫\高中英文單字_第一到第三級.md,905
b77c72c67779b68a,represent,代表、象徵、描繪,high_school,verb,,A2,CEFR-J vocabulary profile 1.5 (lemma/POS proxy; not sense-aligned),,,40,ai_initial:gpt-6-luna,常見動詞；此處用作「象徵」，意思清楚，但也有其他常見用法。,,,high,review_required,C:\Users\123\OneDrive\桌面\單字庫\高中英文單字_第一到第三級.md,918
9ba364a1b899a551,reserve,儲備、保護區；預訂、保留,high_school,noun/verb,,B1,CEFR-J vocabulary profile 1.5 (lemma/POS proxy; not sense-aligned),,,45,ai_initial:gpt-6-luna,"A common word, though its meanings vary by context.",,,high,review_required,C:\Users\123\OneDrive\桌面\單字庫\高中英文單字_第一到第三級.md,922
1073bcf09bc9e41a,reveal,透露、揭露、展現,high_school,verb,,A2,CEFR-J vocabulary profile 1.5 (lemma/POS proxy; not sense-aligned),,,40,ai_initial:gpt-6-luna,"A common verb, though understanding it across its related senses of disclosing, uncovering, and showing takes some familiarity.",,,high,review_required,C:\Users\123\OneDrive\桌面\單字庫\高中英文單字_第一到第三級.md,928
b44a8e03b8316406,scale(s),磅秤、天平、規模、刻度,high_school,noun,,,,,,35,ai_initial:gpt-6-luna,"The supplied Chinese meanings cover several common noun senses, but the exact headword spelling includes parenthetical notation that does not fit naturally into a sentence demonstrating one sense.",,,medium,review_required,C:\Users\123\OneDrive\桌面\單字庫\高中英文單字_第一到第三級.md,954
7866169cf58ac4aa,scatter,消散、散開、撒播,high_school,noun/verb,,B1,CEFR-J vocabulary profile 1.5 (lemma/POS proxy; not sense-aligned),,,45,ai_initial:gpt-6-luna,常見動詞，表示使物體散開或散播；詞義有一定延伸性。,,,high,review_required,C:\Users\123\OneDrive\桌面\單字庫\高中英文單字_第一到第三級.md,957
eaa575d40e44c61e,shadow,陰影、影子；投下陰影、跟蹤,high_school,noun/verb,,,,,,40,ai_initial:gpt-6-luna,"“Shadow” is a common word, though its verb sense meaning “跟蹤” is less basic.",,,high,review_required,C:\Users\123\OneDrive\桌面\單字庫\高中英文單字_第一到第三級.md,974
b8b41a5951a10d8c,sip,啜飲、小口喝,high_school,noun/verb,,,,,,25,ai_initial:gpt-6-luna,"A common, concrete word for drinking in small amounts; somewhat less basic than “drink.”",,,high,review_required,C:\Users\123\OneDrive\桌面\單字庫\高中英文單字_第一到第三級.md,985
757c7704aeaed193,squeeze,擠壓、榨取；捏、擠壓,high_school,noun/verb,,B2,CEFR-J vocabulary profile 1.5 (lemma/POS proxy; not sense-aligned),,,40,ai_initial:gpt-6-luna,"A common physical action with a familiar meaning, though the word has several related uses.",,,high,review_required,C:\Users\123\OneDrive\桌面\單字庫\高中英文單字_第一到第三級.md,1008
8cb0b785d4e416cb,swear,發誓、宣誓、詛咒罵人,high_school,verb,,B1,CEFR-J vocabulary profile 1.5 (lemma/POS proxy; not sense-aligned),,,50,ai_initial:gpt-6-luna,"Common verb, but its oath-taking and insulting senses can be confusing.",,,high,review_required,C:\Users\123\OneDrive\桌面\單字庫\高中英文單字_第一到第三級.md,1049
34c676e0bd001462,transport,運輸、交通工具；運送,high_school,noun/verb,,,,,,40,ai_initial:gpt-6-luna,"A common word, though its noun and verb uses may require context to distinguish.",,,high,review_required,C:\Users\123\OneDrive\桌面\單字庫\高中英文單字_第一到第三級.md,1088
f126a63a5fe7931a,twin,雙胞胎之一；成雙的、雙重的,high_school,adjective/noun,,B1,CEFR-J vocabulary profile 1.5 (lemma/POS proxy; not sense-aligned),,,35,ai_initial:gpt-6-luna,"A common word, though learners need to recognize both its noun and adjective uses.",,,high,review_required,C:\Users\123\OneDrive\桌面\單字庫\高中英文單字_第一到第三級.md,1101
3fc19c6b695538a1,vanish,消失、絕跡、消逝,high_school,verb,,B2,CEFR-J vocabulary profile 1.5 (lemma/POS proxy; not sense-aligned),,,35,ai_initial:gpt-6-luna,A fairly common verb for something disappearing or ceasing to be seen.,,,high,review_required,C:\Users\123\OneDrive\桌面\單字庫\高中英文單字_第一到第三級.md,1110
d7a3c297f563680b,victim,受害者、罹難者、犧牲者,high_school,noun,,B1,CEFR-J vocabulary profile 1.5 (lemma/POS proxy; not sense-aligned),,,40,ai_initial:gpt-6-luna,"A common noun for someone harmed, killed, or made to suffer.",,,high,review_required,C:\Users\123\OneDrive\桌面\單字庫\高中英文單字_第一到第三級.md,1117
73be3c93270fda4e,wander,漫遊、閒逛、徘徊,high_school,noun/verb,,A2,CEFR-J vocabulary profile 1.5 (lemma/POS proxy; not sense-aligned),,,30,ai_initial:gpt-6-luna,A common verb for moving around without a fixed destination; the supplied Chinese sense is clear.,,,high,review_required,C:\Users\123\OneDrive\桌面\單字庫\高中英文單字_第一到第三級.md,1129
2c6f2a408c37724f,warn,警告、告誡、預先通知,high_school,verb,,B1,CEFR-J vocabulary profile 1.5 (lemma/POS proxy; not sense-aligned),,,35,ai_initial:gpt-6-luna,A common verb for cautioning someone or informing them of a possible problem in advance.,,,high,review_required,C:\Users\123\OneDrive\桌面\單字庫\高中英文單字_第一到第三級.md,1131
0e791432d607382c,weaken,削弱、使衰弱、減退,high_school,verb,,B2,CEFR-J vocabulary profile 1.5 (lemma/POS proxy; not sense-aligned),,,40,ai_initial:gpt-6-luna,"A fairly common verb, though its abstract uses may take some context to understand.",,,high,review_required,C:\Users\123\OneDrive\桌面\單字庫\高中英文單字_第一到第三級.md,1133
d7ecd7bfa2b4e95c,weed,雜草、野草；除草、淘汰,high_school,noun/verb,,B2,CEFR-J vocabulary profile 1.5 (lemma/POS proxy; not sense-aligned),,,35,ai_initial:gpt-6-luna,"A common word for an unwanted plant and for removing weeds, though the verb can also mean eliminating unwanted items.",,,high,review_required,C:\Users\123\OneDrive\桌面\單字庫\高中英文單字_第一到第三級.md,1138
5f76efcbd455e805,wipe,擦拭、消滅、抹去,high_school,noun/verb,,B2,CEFR-J vocabulary profile 1.5 (lemma/POS proxy; not sense-aligned),,,25,ai_initial:gpt-6-luna,"A common, basic word; its meanings of cleaning by rubbing and removing or destroying are widely used.",,,high,review_required,C:\Users\123\OneDrive\桌面\單字庫\高中英文單字_第一到第三級.md,1146
ee3aef7b0f2ba9f4,wrap,包裝、裹、纏繞；披肩,high_school,noun/verb,,B1,CEFR-J vocabulary profile 1.5 (lemma/POS proxy; not sense-aligned),,,25,ai_initial:gpt-6-luna,"A common word with familiar basic uses, though it has several related meanings.",,,high,review_required,C:\Users\123\OneDrive\桌面\單字庫\高中英文單字_第一到第三級.md,1148
a95c344cfe627328,youngster,年輕人、少年、小孩,high_school,noun,,,,,,35,ai_initial:gpt-6-luna,"A fairly common word for a young person, though less basic than “child.”",,,high,review_required,C:\Users\123\OneDrive\桌面\單字庫\高中英文單字_第一到第三級.md,1152
4016b2f4ad20f7d4,accord,協議、條約；符合、一致、給予,high_school,noun/verb,,,,,,60,ai_initial:gpt-6-luna,A somewhat formal word with several related but distinct meanings.,,,high,review_required,C:\Users\123\OneDrive\桌面\單字庫\高中英文單字_第五級.md,17
051c368a04f2a288,allocate,分配、分派、撥出,high_school,verb,,,,,,50,ai_initial:gpt-6-luna,"A moderately common verb, especially in work and planning contexts; its meaning is fairly clear from context.",,,high,review_required,C:\Users\123\OneDrive\桌面\單字庫\高中英文單字_第五級.md,43
520856d5339dbad1,arouse,引起、激起、喚醒,high_school,verb,,B2,CEFR-J vocabulary profile 1.5 (lemma/POS proxy; not sense-aligned),,,60,ai_initial:gpt-6-luna,"A less common verb for causing a feeling or response, or waking someone.",,,high,review_required,C:\Users\123\OneDrive\桌面\單字庫\高中英文單字_第五級.md,60
0ca71f0dda6d040b,assault,攻擊、襲擊；動武侵害,high_school,noun/verb,,B2,CEFR-J vocabulary profile 1.5 (lemma/POS proxy; not sense-aligned),,,55,ai_initial:gpt-6-luna,"A familiar word for a physical attack, though its formal and legal use can require context.",,,high,review_required,C:\Users\123\OneDrive\桌面\單字庫\高中英文單字_第五級.md,65
f0d6e44a2b36cc91,assert,斷言、主張、堅持,high_school,verb,,B2,CEFR-J vocabulary profile 1.5 (lemma/POS proxy; not sense-aligned),,,65,ai_initial:gpt-6-luna,A relatively advanced verb used to state or claim something confidently.,,,high,review_required,C:\Users\123\OneDrive\桌面\單字庫\高中英文單字_第五級.md,66
be52ab997c93d003,attribute,歸因於、歸咎於；特質、屬性,high_school,verb,,B2,CEFR-J vocabulary profile 1.5 (lemma/POS proxy; not sense-aligned),,,60,ai_initial:gpt-6-luna,"The verb meaning “ascribe something to a cause” is clear, though somewhat formal and commonly used with “to.”",,,high,review_required,C:\Users\123\OneDrive\桌面\單字庫\高中英文單字_第五級.md,77
5a9ef3e5defbe50a,betray,背叛、出賣、洩漏、辜負,high_school,verb,,B2,CEFR-J vocabulary profile 1.5 (lemma/POS proxy; not sense-aligned),,,60,ai_initial:gpt-6-luna,"A fairly common verb, but its several related senses can be nuanced for learners.",,,high,review_required,C:\Users\123\OneDrive\桌面\單字庫\高中英文單字_第五級.md,92
38987cc5607f6100,bound,跳躍、界限；跳躍；受約束的、注定的,high_school,adjective/noun/verb,,B1,CEFR-J vocabulary profile 1.5 (lemma/POS proxy; not sense-aligned),3228,wordfreq 3.x large English combined frequency list; corpus rank (approximate),55,ai_initial:gpt-6-luna,"The verb sense meaning to leap is moderately familiar, though the headword has several distinct meanings.",,,medium,review_required,C:\Users\123\OneDrive\桌面\單字庫\高中英文單字_第五級.md,108
d576016ae1f07e8f,caution,謹慎、小心、警告；告誡警告,high_school,noun/verb,,B1,CEFR-J vocabulary profile 1.5 (lemma/POS proxy; not sense-aligned),,,45,ai_initial:gpt-6-luna,"A familiar word for care or warning, though its noun and verb uses may take practice.",,,high,review_required,C:\Users\123\OneDrive\桌面\單字庫\高中英文單字_第五級.md,130
2c08d33e602b1b60,characterize,描繪...的特性、具有...特徵,high_school,verb,,,,,,65,ai_initial:gpt-6-luna,An abstract verb often used in formal descriptions to present a person or thing’s distinctive qualities.,,,high,review_required,C:\Users\123\OneDrive\桌面\單字庫\高中英文單字_第五級.md,139
b189aa0368333ae4,cite,引用、引證、傳喚表揚,high_school,verb,,,,,,50,ai_initial:gpt-6-luna,"A common verb, though its different senses can make it less straightforward for learners.",,,high,review_required,C:\Users\123\OneDrive\桌面\單字庫\高中英文單字_第五級.md,147
e93865db69295311,commission,委員會、佣金、委託；委託創作,high_school,noun/verb,,B2,CEFR-J vocabulary profile 1.5 (lemma/POS proxy; not sense-aligned),,,65,ai_initial:gpt-6-luna,A familiar word with several distinct senses; the commission/commissioning senses are somewhat specialized.,,,high,review_required,C:\Users\123\OneDrive\桌面\單字庫\高中英文單字_第五級.md,169
94cbcdbbcff5e510,commute,通勤、減刑折算轉換,high_school,verb,,B2,CEFR-J vocabulary profile 1.5 (lemma/POS proxy; not sense-aligned),,,50,ai_initial:gpt-6-luna,A moderately familiar verb with more than one distinct sense.,,,high,review_required,C:\Users\123\OneDrive\桌面\單字庫\高中英文單字_第五級.md,174
efaea87800f8da98,compensate,補償、賠償、酬報彌補,high_school,verb,,B2,CEFR-J vocabulary profile 1.5 (lemma/POS proxy; not sense-aligned),,,60,ai_initial:gpt-6-luna,"A moderately common verb used for making up for a loss, harm, or inconvenience.",,,high,review_required,C:\Users\123\OneDrive\桌面\單字庫\高中英文單字_第五級.md,182
3bf351d43186f9e6,comprise,包含、包括、由...組成構成,high_school,verb,,,,,,60,ai_initial:gpt-6-luna,"A moderately advanced verb, with usage that can be less familiar than simpler words for “include” or “consist of.”",,,high,review_required,C:\Users\123\OneDrive\桌面\單字庫\高中英文單字_第五級.md,195
a8d9cfca46215219,concede,承認認輸、讓步讓予退讓讓權,high_school,verb,,B2,CEFR-J vocabulary profile 1.5 (lemma/POS proxy; not sense-aligned),,,65,ai_initial:gpt-6-luna,The sense of yielding or admitting defeat is moderately advanced and can be confused with other meanings of “concede.”,,,high,review_required,C:\Users\123\OneDrive\桌面\單字庫\高中英文單字_第五級.md,199
1e3b33054875aebc,conceive,構想想像出、懷孕懷抱念頭設想,high_school,verb,,B2,CEFR-J vocabulary profile 1.5 (lemma/POS proxy; not sense-aligned),,,65,ai_initial:gpt-6-luna,「構想、設想」的意思較抽象，且 conceive 也有其他常見意思，學習者需要依語境判斷。,,,high,review_required,C:\Users\123\OneDrive\桌面\單字庫\高中英文單字_第五級.md,200
90f788b80c5215c6,condemn,譴責指責、宣判處刑宣告判定,high_school,verb,,B2,CEFR-J vocabulary profile 1.5 (lemma/POS proxy; not sense-aligned),,,65,ai_initial:gpt-6-luna,較正式的動詞，既可表示譴責，也可表示判處刑罰；此例呈現司法判刑義。,,,high,review_required,C:\Users\123\OneDrive\桌面\單字庫\高中英文單字_第五級.md,202
04f65d4e08c1d617,contemplate,沉思深思熟慮、凝視預期打算謀劃,high_school,verb,,,,,,65,ai_initial:gpt-6-luna,"A moderately advanced verb, especially in the sense of thinking carefully about something.",,,high,review_required,C:\Users\123\OneDrive\桌面\單字庫\高中英文單字_第五級.md,221
4eb16d4819d6b752,contend,爭奪爭辯、堅決主張抗爭搏鬥,high_school,verb,,,,,,65,ai_initial:gpt-6-luna,"The verb has several related but distinct senses, including competing, arguing, and struggling; the example uses the sense of firmly asserting a claim.",,,high,review_required,C:\Users\123\OneDrive\桌面\單字庫\高中英文單字_第五級.md,224
a57c5a7607d6c3ca,convert,轉化轉換、使改變信仰；改宗皈依者,high_school,verb,,B2,CEFR-J vocabulary profile 1.5 (lemma/POS proxy; not sense-aligned),,,55,ai_initial:gpt-6-luna,"The verb is fairly common, but using it for a change of religious belief is less familiar than its general sense of changing or transforming something.",,,high,review_required,C:\Users\123\OneDrive\桌面\單字庫\高中英文單字_第五級.md,231
be7e96c6fa0ab3f3,convict,判罪宣告有罪；定罪囚犯受刑犯人,high_school,noun/verb,,,,,,60,ai_initial:gpt-6-luna,"The legal verb is fairly common but somewhat formal, and the noun meaning is less common.",,,high,review_required,C:\Users\123\OneDrive\桌面\單字庫\高中英文單字_第五級.md,232
7e9cb5e7c2717b6a,copyright,版權著作權；取得著作權版權保護,high_school,noun/verb,,B1,CEFR-J vocabulary profile 1.5 (lemma/POS proxy; not sense-aligned),,,55,ai_initial:gpt-6-luna,"A fairly common term, but its legal meaning and use as a verb may be unfamiliar to some learners.",,,high,review_required,C:\Users\123\OneDrive\桌面\單字庫\高中英文單字_第五級.md,235
1780c952bbd4c865,criterion / criteria,評判評鑑標準準則規範尺規指標,high_school,noun,,,,,,60,ai_initial:gpt-6-luna,"An abstract, moderately uncommon word for a standard used to judge or evaluate something.",,,high,review_required,C:\Users\123\OneDrive\桌面\單字庫\高中英文單字_第五級.md,251
8f9e43a1c15a9604,dedicate,奉獻致力於把...獻給題詞銘謝,high_school,verb,,B1,CEFR-J vocabulary profile 1.5 (lemma/POS proxy; not sense-aligned),,,55,ai_initial:gpt-6-luna,"The verb has several related uses, and the sense of dedicating a work to someone may be less familiar than its basic uses.",,,high,review_required,C:\Users\123\OneDrive\桌面\單字庫\高中英文單字_第五級.md,269
a06df43bf8e989b9,defy,違抗公然反抗蔑視挑戰惹惱激發,high_school,verb,,B2,CEFR-J vocabulary profile 1.5 (lemma/POS proxy; not sense-aligned),,,55,ai_initial:gpt-6-luna,A moderately advanced verb meaning to openly resist or disobey; the supplied Chinese includes this sense.,,,high,review_required,C:\Users\123\OneDrive\桌面\單字庫\高中英文單字_第五級.md,272
7f1faf7f71c03d3c,delegate,代表特派團員；委託授權選派代表,high_school,noun/verb,,B2,CEFR-J vocabulary profile 1.5 (lemma/POS proxy; not sense-aligned),,,60,ai_initial:gpt-6-luna,常見動詞用法較易理解，但「委託授權」及名詞「代表」的用法較正式。,,,high,review_required,C:\Users\123\OneDrive\桌面\單字庫\高中英文單字_第五級.md,273
52159a9cf633f201,depict,描繪描寫刻劃展現生動記述表現,high_school,verb,,,,,,45,ai_initial:gpt-6-luna,"A moderately advanced verb, often used to describe how art or writing represents a subject.",,,high,review_required,C:\Users\123\OneDrive\桌面\單字庫\高中英文單字_第五級.md,279
1775b92b1003a3a4,descend,下降走下淪落世系傳承走下坡路,high_school,verb,,B2,CEFR-J vocabulary profile 1.5 (lemma/POS proxy; not sense-aligned),,,55,ai_initial:gpt-6-luna,A moderately challenging verb meaning to move downward; it is less common in everyday speech than “go down.”,,,high,review_required,C:\Users\123\OneDrive\桌面\單字庫\高中英文單字_第五級.md,284
a4307ded90aaad41,diagnose,診斷判斷病因檢驗查明找出癥結,high_school,verb,,,,,,60,ai_initial:gpt-6-luna,A moderately advanced verb meaning to identify the cause of a problem or illness.,,,high,review_required,C:\Users\123\OneDrive\桌面\單字庫\高中英文單字_第五級.md,291
e092db39aa7d3f57,diaper,尿布尿片嬰幼兒護墊拋棄式尿布,high_school,noun,,B1,CEFR-J vocabulary profile 1.5 (lemma/POS proxy; not sense-aligned),,,40,ai_initial:gpt-6-luna,"A familiar everyday childcare item, though the word is more common in American English than in some other varieties.",,,high,review_required,C:\Users\123\OneDrive\桌面\單字庫\高中英文單字_第五級.md,295
228ed6021bb1a2f7,disconnect,切斷電源中斷連結分離斷開電話線訊號,high_school,verb,,B2,CEFR-J vocabulary profile 1.5 (lemma/POS proxy; not sense-aligned),,,45,ai_initial:gpt-6-luna,"A common verb, though it has several related senses involving breaking a connection.",,,medium,review_required,C:\Users\123\OneDrive\桌面\單字庫\高中英文單字_第五級.md,304
c3e44cf4ecb9790e,discrimination,歧視差別對待待遇辨別力敏銳鑑賞眼光,high_school,noun,,B1,CEFR-J vocabulary profile 1.5 (lemma/POS proxy; not sense-aligned),,,60,ai_initial:gpt-6-luna,"The supplied Chinese combines several distinct senses, so the intended sense is unclear.",,,low,review_required,C:\Users\123\OneDrive\桌面\單字庫\高中英文單字_第五級.md,307
213674ce66069b32,disrupt,擾亂中斷使破裂阻礙分裂瓦解運行,high_school,verb,,B2,CEFR-J vocabulary profile 1.5 (lemma/POS proxy; not sense-aligned),,,50,ai_initial:gpt-6-luna,A fairly common verb meaning to interrupt or prevent something from operating normally; estimated at an intermediate level.,,,high,review_required,C:\Users\123\OneDrive\桌面\單字庫\高中英文單字_第五級.md,308
4fd1a53e7e06943e,distract,分散注意力使分心轉移干擾心煩意亂,high_school,verb,,B2,CEFR-J vocabulary profile 1.5 (lemma/POS proxy; not sense-aligned),,,55,ai_initial:gpt-6-luna,"A fairly common verb, but learners must understand its figurative sense of diverting someone’s attention.",,,high,review_required,C:\Users\123\OneDrive\桌面\單字庫\高中英文單字_第五級.md,312
8bc4d14380448e70,dome,圓屋頂半球狀圓頂建築；使隆起如圓頂,high_school,noun/verb,,,,,,50,ai_initial:gpt-6-luna,"The rounded-roof noun sense is fairly familiar, while the verb sense is less common.",,,high,review_required,C:\Users\123\OneDrive\桌面\單字庫\高中英文單字_第五級.md,317
d512f9f45b28f125,embrace,擁抱欣然接受擁護包容；擁抱包圍信奉,high_school,noun/verb,,B2,CEFR-J vocabulary profile 1.5 (lemma/POS proxy; not sense-aligned),,,60,ai_initial:gpt-6-luna,"The physical sense is familiar, while the abstract senses such as accepting or supporting an idea are less basic.",,,high,review_required,C:\Users\123\OneDrive\桌面\單字庫\高中英文單字_第五級.md,333
82fc067f9ed68a7e,envision,展望設想預想構想未來藍圖擘劃前瞻,high_school,verb,,,,,,60,ai_initial:gpt-6-luna,An abstract verb for imagining or planning a possible future; less common than everyday alternatives.,,,high,review_required,C:\Users\123\OneDrive\桌面\單字庫\高中英文單字_第五級.md,343
a9c3a352b4bf4310,equity,公平公正資產淨值公司股權資本公道衡平,high_school,noun,,B2,CEFR-J vocabulary profile 1.5 (lemma/POS proxy; not sense-aligned),,,65,ai_initial:gpt-6-luna,"The Chinese field combines several distinct senses, including fairness and financial ownership, so the intended sense is unclear.",,,low,review_required,C:\Users\123\OneDrive\桌面\單字庫\高中英文單字_第五級.md,347
bf9d825730565a40,evolve,演變逐步進化逐步發展衍生形成推移展現,high_school,verb,,B2,CEFR-J vocabulary profile 1.5 (lemma/POS proxy; not sense-aligned),,,55,ai_initial:gpt-6-luna,"A common verb, but its abstract sense of gradual development can be challenging for learners.",,,high,review_required,C:\Users\123\OneDrive\桌面\單字庫\高中英文單字_第五級.md,359
48fae9b9c1f300ab,exceed,超過超越勝過突破限額超標逾越法規限制,high_school,verb,,B2,CEFR-J vocabulary profile 1.5 (lemma/POS proxy; not sense-aligned),,,50,ai_initial:gpt-6-luna,"A common verb, though learners may need to distinguish exceeding a limit from simply going beyond something.",,,high,review_required,C:\Users\123\OneDrive\桌面\單字庫\高中英文單字_第五級.md,361
1fb7abbfb2596ef5,exclaim,驚呼大叫感嘆驚嘆高聲呼喊抒發讚嘆,high_school,verb,,B2,CEFR-J vocabulary profile 1.5 (lemma/POS proxy; not sense-aligned),,,50,ai_initial:gpt-6-luna,A moderately familiar verb for calling out suddenly to express strong emotion or admiration.,,,high,review_required,C:\Users\123\OneDrive\桌面\單字庫\高中英文單字_第五級.md,364
da7a575c3c455eba,exclude,排除排除在外不包括排拒排斥不予錄用,high_school,verb,,B2,CEFR-J vocabulary profile 1.5 (lemma/POS proxy; not sense-aligned),,,55,ai_initial:gpt-6-luna,A moderately advanced verb meaning to leave something out or not include it.,,,high,review_required,C:\Users\123\OneDrive\桌面\單字庫\高中英文單字_第五級.md,365
691492ce73b4fea3,execution,執行落實死刑處決手法藝術技巧演奏功力,high_school,noun,,B2,CEFR-J vocabulary profile 1.5 (lemma/POS proxy; not sense-aligned),,,70,ai_initial:gpt-6-luna,"The supplied Chinese meaning combines several distinct senses, so the intended sense is unclear.",,,low,review_required,C:\Users\123\OneDrive\桌面\單字庫\高中英文單字_第五級.md,368
d300a468f5326527,flip,翻轉翻動輕擲拋硬幣；空翻急轉突變翻動,high_school,noun/verb,,B2,CEFR-J vocabulary profile 1.5 (lemma/POS proxy; not sense-aligned),,,35,ai_initial:gpt-6-luna,"A common verb for turning something over; the supplied sense is straightforward, though the word has several meanings.",,,high,review_required,C:\Users\123\OneDrive\桌面\單字庫\高中英文單字_第五級.md,395
bf2f76e58a960150,forge,鍛造打鐵鍛造鍛鍊偽造假冒簽名締結關係,high_school,verb,,,,,,65,ai_initial:gpt-6-luna,"The verb has several distinct senses, including metalworking and falsifying a signature; the latter is less familiar to many learners.",,,medium,review_required,C:\Users\123\OneDrive\桌面\單字庫\高中英文單字_第五級.md,398
1d3ec0d2a9c755b6,foster,養育撫育寄養收養培育助長促成；寄養的,high_school,adjective/verb,,,,,,60,ai_initial:gpt-6-luna,A moderately uncommon word with several related uses; the sense of nurturing or encouraging something is clear from context.,,,high,review_required,C:\Users\123\OneDrive\桌面\單字庫\高中英文單字_第五級.md,401
d1e293567c05b620,grant,補助款政府專款准許同意承認；授予准許賜給,high_school,noun/verb,,B1,CEFR-J vocabulary profile 1.5 (lemma/POS proxy; not sense-aligned),,,45,ai_initial:gpt-6-luna,「補助款」及「授予、准許」都是常見但需依語境辨認的用法。,,,high,review_required,C:\Users\123\OneDrive\桌面\單字庫\高中英文單字_第五級.md,421
e0cf7c84b634b841,grill,烤肉架燒烤盤炙烤盤；燒烤拷問盤問逼問質問,high_school,noun/verb,,B1,CEFR-J vocabulary profile 1.5 (lemma/POS proxy; not sense-aligned),,,55,ai_initial:gpt-6-luna,"The cooking sense is relatively common, while the verb meaning to question someone intensely is less familiar and context-dependent.",,,medium,review_required,C:\Users\123\OneDrive\桌面\單字庫\高中英文單字_第五級.md,426
2646c07c825468cf,grip,緊握緊抓掌控理解吸引掌控力；緊握牢牢吸住,high_school,noun/verb,,B2,CEFR-J vocabulary profile 1.5 (lemma/POS proxy; not sense-aligned),,,50,ai_initial:gpt-6-luna,"The physical sense of holding tightly is fairly common, while the other supplied senses are more varied.",,,medium,review_required,C:\Users\123\OneDrive\桌面\單字庫\高中英文單字_第五級.md,428
47502c5b9ab2e64f,gut,腸道消化道直覺內臟勇氣膽量；毀損內部清空,high_school,noun/verb,,,,,,70,ai_initial:gpt-6-luna,"The Chinese gloss combines several distinct noun and verb senses, so the intended sense is unclear.",,,low,review_required,C:\Users\123\OneDrive\桌面\單字庫\高中英文單字_第五級.md,431
d88869b3d5638c8c,highlight,強調使突出畫重點精華片段最精彩部分焦點,high_school,noun/verb,,,,,,45,ai_initial:gpt-6-luna,"Common word, though its related noun and verb senses may take some context to distinguish.",,,high,review_required,C:\Users\123\OneDrive\桌面\單字庫\高中英文單字_第五級.md,439
a27ba9e6471b4afc,howl,嚎叫長嗥風呼嘯放聲大哭大笑；怒吼呼嘯吼叫,high_school,noun/verb,,,,,,50,ai_initial:gpt-6-luna,"A moderately familiar word with several related uses, including animals crying out and wind making a loud, continuous sound.",,,high,review_required,C:\Users\123\OneDrive\桌面\單字庫\高中英文單字_第五級.md,448
2d13d99a80d179fe,implication,暗示隱含意義牽涉可能後果牽連隱含牽涉關聯,high_school,noun,,B2,CEFR-J vocabulary profile 1.5 (lemma/POS proxy; not sense-aligned),,,65,ai_initial:gpt-6-luna,An abstract noun with several related senses; the consequence sense is common but may be difficult to distinguish from related meanings.,,,high,review_required,C:\Users\123\OneDrive\桌面\單字庫\高中英文單字_第五級.md,457
1d51382912ce9b6f,incorporate,合併納入包含吸收併入企業組成法人組織架構,high_school,verb,,,,,,65,ai_initial:gpt-6-luna,A moderately advanced verb meaning to include or absorb something as part of a whole; the supplied gloss also lists a separate company-formation sense.,,,medium,review_required,C:\Users\123\OneDrive\桌面\單字庫\高中英文單字_第五級.md,460
7c4fcf9c0a9b72e3,indulge,縱容沉溺放縱滿足慾望遷就放任自流放任自我,high_school,verb,,B2,CEFR-J vocabulary profile 1.5 (lemma/POS proxy; not sense-aligned),,,65,ai_initial:gpt-6-luna,A moderately advanced verb for giving in to or satisfying a desire.,,,high,review_required,C:\Users\123\OneDrive\桌面\單字庫\高中英文單字_第五級.md,465
3c011ff42f206668,initiate,發起創始接納入會啟動傳授入門；入會新人初學者,high_school,adjective/noun/verb,,,,,,60,ai_initial:gpt-6-luna,The supplied meaning covers several uses; this example shows the common verb sense “發起.” “Initiate” is not typically used as an adjective.,,,medium,review_required,C:\Users\123\OneDrive\桌面\單字庫\高中英文單字_第五級.md,472
7c94232064ed330f,inning,（棒球比賽）局回合執政當選展現才華在位期,high_school,noun,,,,,,55,ai_initial:gpt-6-luna,"The Chinese gloss combines a clear baseball sense with several unrelated terms, so the intended sense is uncertain.",,,low,review_required,C:\Users\123\OneDrive\桌面\單字庫\高中英文單字_第五級.md,476
8de226ff13fc6c56,integrate,整合融入結合使一體化合併融為一體取消隔離,high_school,verb,,B2,CEFR-J vocabulary profile 1.5 (lemma/POS proxy; not sense-aligned),,,60,ai_initial:gpt-6-luna,A moderately advanced verb commonly used for combining separate parts into a unified whole.,,,high,review_required,C:\Users\123\OneDrive\桌面\單字庫\高中英文單字_第五級.md,486
eba8433598893c9c,manipulate,操縱操弄擺布巧妙操作熟練控制偽造數據欺瞞,high_school,verb,,B2,CEFR-J vocabulary profile 1.5 (lemma/POS proxy; not sense-aligned),,,65,ai_initial:gpt-6-luna,"The sense involving covertly altering data is abstract and carries a negative implication, making it more challenging than basic physical handling.",,,high,review_required,C:\Users\123\OneDrive\桌面\單字庫\高中英文單字_第五級.md,529
1740fa43d365609b,massage,按摩推拿舒緩放鬆；進行按摩竄改美化帳目數據,high_school,noun/verb,,B2,CEFR-J vocabulary profile 1.5 (lemma/POS proxy; not sense-aligned),,,65,ai_initial:gpt-6-luna,"The physical sense is familiar, but using “massage” to mean altering figures is more idiomatic and less common.",,,high,review_required,C:\Users\123\OneDrive\桌面\單字庫\高中英文單字_第五級.md,533
89071bf5943b329a,mint,薄荷薄荷糖造幣廠來源出處全新完美狀態之收藏品,high_school,noun,,B2,CEFR-J vocabulary profile 1.5 (lemma/POS proxy; not sense-aligned),,,45,ai_initial:gpt-6-luna,"The Chinese gloss concatenates several distinct senses, so the intended sense is unclear.",,,low,review_required,C:\Users\123\OneDrive\桌面\單字庫\高中英文單字_第五級.md,550
b9a221328d4816e2,mock,嘲弄嘲笑戲弄模擬仿造；虛假的模擬的仿製品,high_school,adjective/noun/verb,,B2,CEFR-J vocabulary profile 1.5 (lemma/POS proxy; not sense-aligned),,,45,ai_initial:gpt-6-luna,"A fairly common word, but its uses for ridicule, imitation, and something fake can be confusing.",,,high,review_required,C:\Users\123\OneDrive\桌面\單字庫\高中英文單字_第五級.md,553
c605f939612dabc9,mount,山峰底座支架；登上騎上安裝架設發動發起增長,high_school,noun/verb,,,,,,45,ai_initial:gpt-6-luna,"A common verb, though understanding its specific sense of installing or setting something up requires context.",,,medium,review_required,C:\Users\123\OneDrive\桌面\單字庫\高中英文單字_第五級.md,562
29b02459db4e748b,mumble,含糊咕噥低聲抱怨口齒不清自言自語喃喃自語吞吐,high_school,noun/verb,,B2,CEFR-J vocabulary profile 1.5 (lemma/POS proxy; not sense-aligned),,,40,ai_initial:gpt-6-luna,"A fairly common word for speaking quietly and unclearly, sometimes in complaint.",,,high,review_required,C:\Users\123\OneDrive\桌面\單字庫\高中英文單字_第五級.md,563
62e86c0ab1692cbb,nominate,提名推薦任命指派指定入圍提名角逐評選資格,high_school,verb,,,,,,55,ai_initial:gpt-6-luna,"A moderately common, somewhat formal verb; its award and appointment uses are less familiar than basic everyday verbs.",,,high,review_required,C:\Users\123\OneDrive\桌面\單字庫\高中英文單字_第五級.md,573
39a055763917b6ca,opt,選擇做出決定挑選抉擇決定採取加入放棄協議,high_school,verb,,,,,,55,ai_initial:gpt-6-luna,The core sense is choosing or deciding to do something; the supplied Chinese gloss is broad and somewhat unclear.,,,medium,review_required,C:\Users\123\OneDrive\桌面\單字庫\高中英文單字_第五級.md,593
bce7692444a4c966,outfit,全套服裝裝備成套工具配備；提供裝備裝配整飾,high_school,noun/verb,,B2,CEFR-J vocabulary profile 1.5 (lemma/POS proxy; not sense-aligned),,,55,ai_initial:gpt-6-luna,"The clothing sense is fairly familiar, while the verb sense of supplying or equipping is less common.",,,medium,review_required,C:\Users\123\OneDrive\桌面\單字庫\高中英文單字_第五級.md,599
7a850059e68e7de3,overtake,超越超車壓倒突然降臨打擊籠罩超過名次業績,high_school,verb,,B2,CEFR-J vocabulary profile 1.5 (lemma/POS proxy; not sense-aligned),,,55,ai_initial:gpt-6-luna,A common but somewhat advanced verb with several related senses; the example uses the clear sense of passing another vehicle.,,,medium,review_required,C:\Users\123\OneDrive\桌面\單字庫\高中英文單字_第五級.md,606
5c4b32842575b884,overturn,翻覆傾覆推翻判決徹底顛覆倒轉；翻轉被推翻傾覆,high_school,noun/verb,,B2,CEFR-J vocabulary profile 1.5 (lemma/POS proxy; not sense-aligned),,,60,ai_initial:gpt-6-luna,"The verb sense is reasonably advanced, and the supplied meaning groups several related uses.",,,medium,review_required,C:\Users\123\OneDrive\桌面\單字庫\高中英文單字_第五級.md,607
54e4e416ffc2e79c,overwhelm,擊敗征服淹沒覆蓋使應接不暇不知所措情感淹沒,high_school,verb,,B1,CEFR-J vocabulary profile 1.5 (lemma/POS proxy; not sense-aligned),,,65,ai_initial:gpt-6-luna,A fairly common verb with several related meanings; the emotional sense is somewhat abstract.,,,high,review_required,C:\Users\123\OneDrive\桌面\單字庫\高中英文單字_第五級.md,608
829d3e693a3bc2b4,patch,補丁小塊土地色斑眼罩修正軟體修補；縫補修補修訂,high_school,noun/verb,,B2,CEFR-J vocabulary profile 1.5 (lemma/POS proxy; not sense-aligned),,,50,ai_initial:gpt-6-luna,"The supplied Chinese combines several distinct noun and verb senses, so the intended sense is unclear.",,,low,review_required,C:\Users\123\OneDrive\桌面\單字庫\高中英文單字_第五級.md,615
fa59c96de81ef30d,perceive,察覺察知感知意識到理解看待看作視為領會注意,high_school,verb,,B2,CEFR-J vocabulary profile 1.5 (lemma/POS proxy; not sense-aligned),,,65,ai_initial:gpt-6-luna,A moderately advanced verb for noticing or becoming aware of something.,,,high,review_required,C:\Users\123\OneDrive\桌面\單字庫\高中英文單字_第五級.md,625
48fcf8c0840f99e3,persist,堅持固執不放棄持續存在蔓延久病不癒盤桓難去,high_school,verb,,B2,CEFR-J vocabulary profile 1.5 (lemma/POS proxy; not sense-aligned),,,55,ai_initial:gpt-6-luna,常見動詞，表示持續存在或難以消散；多種用法使其略具挑戰。,,,high,review_required,C:\Users\123\OneDrive\桌面\單字庫\高中英文單字_第五級.md,628
a8f6fb0e6a1ae6c0,pickup,皮卡小型貨車搭便車接送拾起提速恢復活力好轉接人,high_school,noun,,,,,,40,ai_initial:gpt-6-luna,"The Chinese field combines several meanings, so the intended noun sense is unclear.",,,low,review_required,C:\Users\123\OneDrive\桌面\單字庫\高中英文單字_第五級.md,637
ebde438a065643e7,plead,懇求求情法庭答辯認罪辯護抗辯提出藉口為...求情,high_school,verb,,B2,CEFR-J vocabulary profile 1.5 (lemma/POS proxy; not sense-aligned),,,65,ai_initial:gpt-6-luna,"The word has several distinct uses, including making an urgent request and answering a charge in court; these are moderately advanced.",,,high,review_required,C:\Users\123\OneDrive\桌面\單字庫\高中英文單字_第五級.md,645
80903414f8b34339,plunge,跳入暴跌急降驟降縱身躍入；猛衝跳入投入深陷暴跌,high_school,noun/verb,,,,,,60,ai_initial:gpt-6-luna,"A moderately uncommon word with several distinct meanings, including jumping into something and falling sharply.",,,high,review_required,C:\Users\123\OneDrive\桌面\單字庫\高中英文單字_第五級.md,647
788c93fc87fbb03f,poke,戳捅探出頭閒逛撥動撥火；用手戳一下刺擊試探窺探,high_school,noun/verb,,,,,,35,ai_initial:gpt-6-luna,A common everyday verb in the supplied sense of touching or prodding something with a finger.,,,high,review_required,C:\Users\123\OneDrive\桌面\單字庫\高中英文單字_第五級.md,650
83db0dc417b24545,prescribe,開處方指定開藥規定命令規範指導醫師立處方給藥,high_school,verb,,B2,CEFR-J vocabulary profile 1.5 (lemma/POS proxy; not sense-aligned),,,60,ai_initial:gpt-6-luna,"A fairly common verb, but its medical and broader “specify or require” uses can be challenging for learners.",,,high,review_required,C:\Users\123\OneDrive\桌面\單字庫\高中英文單字_第五級.md,663
9b73cb9197999c52,presume,假定推定認定自作主張越權認定擅自認為料定深信,high_school,verb,,,,,,65,ai_initial:gpt-6-luna,A moderately advanced verb with several related senses; using it to mean acting without proper authority requires attention to context.,,,high,review_required,C:\Users\123\OneDrive\桌面\單字庫\高中英文單字_第五級.md,668
80f08bd2953ab64b,proclaim,宣告宣布公開宣揚表明顯露明確展現讚揚宣稱立誓,high_school,verb,,B1,CEFR-J vocabulary profile 1.5 (lemma/POS proxy; not sense-aligned),,,60,ai_initial:gpt-6-luna,A relatively formal verb for announcing something publicly; less common than “announce.”,,,medium,review_required,C:\Users\123\OneDrive\桌面\單字庫\高中英文單字_第五級.md,672
5da430357fd9cded,prohibit,禁止依法取締阻止妨礙法令禁制杜絕不准進入接觸,high_school,verb,,B2,CEFR-J vocabulary profile 1.5 (lemma/POS proxy; not sense-aligned),,,55,ai_initial:gpt-6-luna,"A moderately advanced, somewhat formal verb meaning to forbid something, often by law.",,,high,review_required,C:\Users\123\OneDrive\桌面\單字庫\高中英文單字_第五級.md,677
c74cd1b279ebf082,prospect,前景展望指望前途可能買主開採探勘礦產尋求資源,high_school,noun/verb,,B2,CEFR-J vocabulary profile 1.5 (lemma/POS proxy; not sense-aligned),,,70,ai_initial:gpt-6-luna,The word has several related but distinct meanings; the resource-exploration verb is less common and more specialized.,,,medium,review_required,C:\Users\123\OneDrive\桌面\單字庫\高中英文單字_第五級.md,685
776fa24c12d8f686,reassure,使安心消除疑慮再保證使重獲信心平撫焦慮安撫安慰,high_school,verb,,,,,,45,ai_initial:gpt-6-luna,A fairly common verb for easing someone’s worry by offering reassurance.,,,high,review_required,C:\Users\123\OneDrive\桌面\單字庫\高中英文單字_第五級.md,713
08abcf330f3b9f3e,recite,背誦朗誦逐一列舉朗讀詩歌列舉項目娓娓道來複述,high_school,verb,,B1,CEFR-J vocabulary profile 1.5 (lemma/POS proxy; not sense-aligned),,,40,ai_initial:gpt-6-luna,"A fairly common verb, though its formal use and multiple related senses may require context.",,,high,review_required,C:\Users\123\OneDrive\桌面\單字庫\高中英文單字_第五級.md,717
1cbb98e3025e84db,recruit,招募吸收招收徵兵添補人力；新兵新成員新進學員,high_school,noun/verb,,B2,CEFR-J vocabulary profile 1.5 (lemma/POS proxy; not sense-aligned),,,45,ai_initial:gpt-6-luna,"The verb meaning “招募、補充人力” is fairly common, while the noun use for a new member or recruit is somewhat less familiar.",,,high,review_required,C:\Users\123\OneDrive\桌面\單字庫\高中英文單字_第五級.md,720
f79dec548e5eebe6,render,使成為使得給予回報提供服務翻譯轉譯渲染演奏演繹,high_school,verb,,,,,,75,ai_initial:gpt-6-luna,"A highly polysemous verb; the translation sense is clear in context, but the supplied Chinese gloss combines several meanings.",,,medium,review_required,C:\Users\123\OneDrive\桌面\單字庫\高中英文單字_第五級.md,728
9b6df95c3d0d4ead,resort,度假勝地遊覽景點避難訴求手段；訴諸求助採取辦法,high_school,noun/verb,,B1,CEFR-J vocabulary profile 1.5 (lemma/POS proxy; not sense-aligned),,,60,ai_initial:gpt-6-luna,"Common word, but its noun and verb senses differ, and the verb often appears in the idiomatic pattern “resort to.”",,,medium,review_required,C:\Users\123\OneDrive\桌面\單字庫\高中英文單字_第五級.md,737
e9129671090c9384,resume,重新開始恢復中斷後繼續；履歷表個人簡歷摘要總結,high_school,noun/verb,,B2,CEFR-J vocabulary profile 1.5 (lemma/POS proxy; not sense-aligned),,,55,ai_initial:gpt-6-luna,"The verb meaning “continue after an interruption” is fairly familiar, while the noun meaning “résumé” is a separate sense; context is needed to distinguish them.",,,medium,review_required,C:\Users\123\OneDrive\桌面\單字庫\高中英文單字_第五級.md,739
e298cfee9f51f409,rifle,步槍來福槍長槍；洗劫迅速翻找搜刮洗劫一空翻找偷竊,high_school,noun/verb,,,,,,65,ai_initial:gpt-6-luna,The verb meaning “search quickly through” is less familiar than the firearm noun sense.,,,medium,review_required,C:\Users\123\OneDrive\桌面\單字庫\高中英文單字_第五級.md,747
ad3dd9a68ad6c807,salon,沙龍美容美髮院文藝聚會客廳藝廊展覽廳時裝展示店,high_school,noun,,B2,CEFR-J vocabulary profile 1.5 (lemma/POS proxy; not sense-aligned),,,55,ai_initial:gpt-6-luna,"The Chinese gloss combines several distinct senses, so the intended sense is unclear.",,,low,review_required,C:\Users\123\OneDrive\桌面\單字庫\高中英文單字_第五級.md,760
e43a850e3d4e5513,sandal,涼鞋草鞋拖鞋便鞋露趾繫帶鞋輕便沙灘鞋休閒拖鞋,high_school,noun,,B1,CEFR-J vocabulary profile 1.5 (lemma/POS proxy; not sense-aligned),,,30,ai_initial:gpt-6-luna,"A common, concrete word for a light, open shoe, often worn in warm weather.",,,high,review_required,C:\Users\123\OneDrive\桌面\單字庫\高中英文單字_第五級.md,761
1d20f29c5d37f336,scenario,劇情腳本情境設想推演局勢事態發展方案情節大綱,high_school,noun,,,,,,55,ai_initial:gpt-6-luna,"A fairly common noun for an imagined situation or possible course of events, though its abstract meaning may take some context to understand.",,,high,review_required,C:\Users\123\OneDrive\桌面\單字庫\高中英文單字_第五級.md,765
f13b9688caac44c1,server,伺服器主機網路伺服系統服務生端菜侍者網球發球員,high_school,noun,,B1,CEFR-J vocabulary profile 1.5 (lemma/POS proxy; not sense-aligned),,,45,ai_initial:gpt-6-luna,"The Chinese gloss combines several distinct senses, so the intended sense is unclear.",,,low,review_required,C:\Users\123\OneDrive\桌面\單字庫\高中英文單字_第五級.md,783
a819fb3ebdbc9af3,setting,背景環境設定場景情境擺設餐具金屬底座裝置情調,high_school,noun,,B1,CEFR-J vocabulary profile 1.5 (lemma/POS proxy; not sense-aligned),,,45,ai_initial:gpt-6-luna,"The Chinese field combines several distinct senses, so the intended sense is unclear.",,,low,review_required,C:\Users\123\OneDrive\桌面\單字庫\高中英文單字_第五級.md,785
2f5247d96a2c6f3d,shatter,粉碎擊碎砸碎重創毀滅希望破碎徹底破滅粉身碎骨,high_school,verb,,B2,CEFR-J vocabulary profile 1.5 (lemma/POS proxy; not sense-aligned),,,65,ai_initial:gpt-6-luna,"A less common verb than “break,” used both literally and figuratively for forceful destruction or the collapse of hopes.",,,high,review_required,C:\Users\123\OneDrive\桌面\單字庫\高中英文單字_第五級.md,787
7681ff28ba0faa08,sheer,純粹的完全的陡峭極薄透明垂直橫越；垂直地陡峭轉向,high_school,adjective/adverb,,B1,CEFR-J vocabulary profile 1.5 (lemma/POS proxy; not sense-aligned),,,60,ai_initial:gpt-6-luna,"The Chinese gloss combines several distinct senses, so the intended sense is unclear.",,,low,review_required,C:\Users\123\OneDrive\桌面\單字庫\高中英文單字_第五級.md,789
71e064f2e436cd18,shrug,聳肩聳肩表示不知或不在乎不置可否；聳肩輕視略過,high_school,noun/verb,,B2,CEFR-J vocabulary profile 1.5 (lemma/POS proxy; not sense-aligned),,,35,ai_initial:gpt-6-luna,A fairly common word for the familiar gesture of expressing uncertainty or indifference.,,,high,review_required,C:\Users\123\OneDrive\桌面\單字庫\高中英文單字_第五級.md,795
9fbc55d586c298f1,shuttle,太空梭接駁車往返穿梭的班車梭子；穿梭往返接送穿梭,high_school,noun/verb,,,,,,45,ai_initial:gpt-6-luna,A moderately familiar word for a vehicle making regular trips or for traveling back and forth.,,,high,review_required,C:\Users\123\OneDrive\桌面\單字庫\高中英文單字_第五級.md,796
eebda5754d90998e,slap,一記耳光摑巴掌侮辱；打耳光擊掌掌摑；正好徑直猛擊,high_school,adverb/noun/verb,,B2,CEFR-J vocabulary profile 1.5 (lemma/POS proxy; not sense-aligned),,,50,ai_initial:gpt-6-luna,"The basic noun and verb senses are fairly common, though the supplied meaning combines several uses.",,,medium,review_required,C:\Users\123\OneDrive\桌面\單字庫\高中英文單字_第五級.md,802
fd69529ab3c0c87d,snatch,搶奪強奪奪取迅速抓住片段小截搶奪之物片刻抓緊,high_school,noun/verb,,,,,,55,ai_initial:gpt-6-luna,"A fairly common word, but its several related meanings and uses as both a noun and a verb add some difficulty.",,,high,review_required,C:\Users\123\OneDrive\桌面\單字庫\高中英文單字_第五級.md,807
c78e7f9a8d29e521,soar,高飛翱翔急升猛增暴漲高聳入雲振奮騰飛飛黃騰達,high_school,verb,,B2,CEFR-J vocabulary profile 1.5 (lemma/POS proxy; not sense-aligned),,,55,ai_initial:gpt-6-luna,A moderately advanced verb with both literal and figurative uses; the supplied sense includes rising sharply.,,,high,review_required,C:\Users\123\OneDrive\桌面\單字庫\高中英文單字_第五級.md,811
68bcec11b2d91651,spine,脊椎脊柱書脊骨氣氣節植物尖刺針毛中樞神經骨骼構造,high_school,noun,,,,,,45,ai_initial:gpt-6-luna,"The Chinese gloss combines several distinct senses, so the intended sense is unclear.",,,low,review_required,C:\Users\123\OneDrive\桌面\單字庫\高中英文單字_第五級.md,835
d63db97d7a049818,sponge,海綿海綿狀物擦拭物白吃白喝者；用海綿擦洗揩油依賴,high_school,noun/verb,,B1,CEFR-J vocabulary profile 1.5 (lemma/POS proxy; not sense-aligned),,,60,ai_initial:gpt-6-luna,"The basic word is common, but the freeloading sense of the verb is less familiar and often appears with “off.”",,,medium,review_required,C:\Users\123\OneDrive\桌面\單字庫\高中英文單字_第五級.md,836
8b229e2264a3a4bb,steer,駕駛操舵引導帶領帶路推動前進掌控方向；肉用閹公牛,high_school,noun/verb,,B2,CEFR-J vocabulary profile 1.5 (lemma/POS proxy; not sense-aligned),,,55,ai_initial:gpt-6-luna,"The verb meaning ‘操舵、掌控方向’ is fairly familiar, while the cattle noun sense is less common.",,,medium,review_required,C:\Users\123\OneDrive\桌面\單字庫\高中英文單字_第五級.md,851
a3888d24ce130dc7,stew,燉菜燉肉焦慮煩惱；慢燉細煨悶燉心中發愁擔憂生悶氣,high_school,noun/verb,,B2,CEFR-J vocabulary profile 1.5 (lemma/POS proxy; not sense-aligned),,,60,ai_initial:gpt-6-luna,The word has several distinct but common senses; the sense of brooding or worrying can be less obvious without context.,,,medium,review_required,C:\Users\123\OneDrive\桌面\單字庫\高中英文單字_第五級.md,853
ae43730710216c6d,stock,庫存股票股份高湯原汁家畜血統；進貨存貨；常備老套的,high_school,adjective/noun/verb,,B2,CEFR-J vocabulary profile 1.5 (lemma/POS proxy; not sense-aligned),,,60,ai_initial:gpt-6-luna,"The Chinese gloss combines several distinct senses, so the intended sense is unclear.",,,low,review_required,C:\Users\123\OneDrive\桌面\單字庫\高中英文單字_第五級.md,857
2fa9b76dd90529ab,strand,使擱淺使困住進退兩難；線繩一縷一股海灘湖畔河岸邊,high_school,noun/verb,,B2,CEFR-J vocabulary profile 1.5 (lemma/POS proxy; not sense-aligned),,,60,ai_initial:gpt-6-luna,The verb meaning to leave someone stuck is less common and more specialized than the noun senses.,,,high,review_required,C:\Users\123\OneDrive\桌面\單字庫\高中英文單字_第五級.md,862
aa2dd0f025298214,strap,皮帶皮條背帶扣帶錶帶包裝紮帶；用帶子捆紮包紮捆緊,high_school,noun/verb,,,,,,35,ai_initial:gpt-6-luna,"A common concrete word for a fastening strap, also used as a verb meaning to secure something with straps.",,,high,review_required,C:\Users\123\OneDrive\桌面\單字庫\高中英文單字_第五級.md,863
2a2fddfbd2b31854,stumble,絆倒跌跌撞撞結結巴巴失策犯錯偶遇碰到偶然發現跌跤,high_school,noun/verb,,B1,CEFR-J vocabulary profile 1.5 (lemma/POS proxy; not sense-aligned),,,60,ai_initial:gpt-6-luna,"The word has several distinct meanings, including tripping, speaking haltingly, making a mistake, and finding something by chance.",,,high,review_required,C:\Users\123\OneDrive\桌面\單字庫\高中英文單字_第五級.md,867
2ad091ded32b36d3,suite,套房行政套間組曲套組隨從人員配套家具電腦應用軟體套件,high_school,noun,,,,,,55,ai_initial:gpt-6-luna,"The Chinese gloss combines several distinct senses, so the intended sense is unclear.",,,low,review_required,C:\Users\123\OneDrive\桌面\單字庫\高中英文單字_第五級.md,877
2d563e46aabc2cff,suspend,暫停中止中斷懸掛使停職暫停學籍延緩執行留待觀察,high_school,verb,,B2,CEFR-J vocabulary profile 1.5 (lemma/POS proxy; not sense-aligned),,,60,ai_initial:gpt-6-luna,"A fairly common verb, but its several distinct senses can make it harder to understand in context.",,,high,review_required,C:\Users\123\OneDrive\桌面\單字庫\高中英文單字_第五級.md,887
721efe6850e310ec,sustain,維持支撐蒙受遭受支撐住延續下去證明證實供養養活,high_school,verb,,B2,CEFR-J vocabulary profile 1.5 (lemma/POS proxy; not sense-aligned),,,65,ai_initial:gpt-6-luna,"A moderately advanced verb with several distinct meanings, including supporting or providing for someone.",,,medium,review_required,C:\Users\123\OneDrive\桌面\單字庫\高中英文單字_第五級.md,888
837dfdee5e5d07b8,tactic(s),戰術策略策略手法招數手段兵法戰略行動處置策略法度,high_school,noun,,,,,,40,ai_initial:gpt-6-luna,A common noun for methods or plans used to achieve a particular goal; the supplied Chinese meanings broadly match this sense.,,,high,review_required,C:\Users\123\OneDrive\桌面\單字庫\高中英文單字_第五級.md,895
9cc8569ac1eec32e,tempt,引誘誘惑吸引使產生衝動冒險嘗試勾引誘發貪念招惹,high_school,verb,,B1,CEFR-J vocabulary profile 1.5 (lemma/POS proxy; not sense-aligned),,,55,ai_initial:gpt-6-luna,"A fairly common verb for making someone want to do something, especially something risky or unwise.",,,high,review_required,C:\Users\123\OneDrive\桌面\單字庫\高中英文單字_第五級.md,897
d1b2725097b03d49,theoretical,理論上的假設性推理的非實務理論推導紙上談兵學理上的,high_school,adjective,,,,,,60,ai_initial:gpt-6-luna,"A relatively familiar academic adjective, but its abstract sense and contrast with practical application may be challenging.",,,high,review_required,C:\Users\123\OneDrive\桌面\單字庫\高中英文單字_第五級.md,905
cae4ad0cd8921d02,transmission,傳播傳染傳播途徑變速箱播送傳輸發送訊號廣播傳動系統,high_school,noun,,B2,CEFR-J vocabulary profile 1.5 (lemma/POS proxy; not sense-aligned),,,60,ai_initial:gpt-6-luna,"The Chinese field combines several distinct senses, including disease transmission, broadcasting, and a vehicle gearbox, so the intended sense is unclear.",,,low,review_required,C:\Users\123\OneDrive\桌面\單字庫\高中英文單字_第五級.md,931
d467aa1bbff7be01,uncover,揭開掀開蓋子揭露揭發發現秘密發掘事實暴露真相曝光,high_school,verb,,B1,CEFR-J vocabulary profile 1.5 (lemma/POS proxy; not sense-aligned),,,45,ai_initial:gpt-6-luna,A common verb meaning to reveal or discover something hidden; the sense is clear.,,,high,review_required,C:\Users\123\OneDrive\桌面\單字庫\高中英文單字_第五級.md,945
e2d5f2e541c07eb8,undergo,經歷遭受承受忍受接受治療經歷手術轉變體會承擔體驗,high_school,verb,,B1,CEFR-J vocabulary profile 1.5 (lemma/POS proxy; not sense-aligned),,,65,ai_initial:gpt-6-luna,A somewhat formal verb commonly used for experiencing a process or receiving medical treatment.,,,high,review_required,C:\Users\123\OneDrive\桌面\單字庫\高中英文單字_第五級.md,946
7df39b188502764e,undertake,承擔著手進行從事負責保證同意答應挑起重擔開展工程,high_school,verb,,B2,CEFR-J vocabulary profile 1.5 (lemma/POS proxy; not sense-aligned),,,65,ai_initial:gpt-6-luna,A somewhat formal verb used for taking responsibility for or agreeing to do a task; its range of related senses can make it harder to learn.,,,high,review_required,C:\Users\123\OneDrive\桌面\單字庫\高中英文單字_第五級.md,950
372077f6fd7705dd,unfold,展開展開地圖展現呈現逐步揭曉故事發展開拓呈現眼前,high_school,verb,,B1,CEFR-J vocabulary profile 1.5 (lemma/POS proxy; not sense-aligned),,,45,ai_initial:gpt-6-luna,"A familiar verb for physical opening and gradual developments, though its figurative uses add some difficulty.",,,high,review_required,C:\Users\123\OneDrive\桌面\單字庫\高中英文單字_第五級.md,954
36b05c46a9514974,unlock,開鎖解開揭開秘密釋放潛力啟發思維解鎖手機開鎖進入,high_school,verb,,B2,CEFR-J vocabulary profile 1.5 (lemma/POS proxy; not sense-aligned),,,35,ai_initial:gpt-6-luna,A common verb with several related literal and figurative senses; the phone sense is straightforward.,,,high,review_required,C:\Users\123\OneDrive\桌面\單字庫\高中英文單字_第五級.md,955
4742e7a410ac3912,upgrade,升級提升晉升改善設備向上坡；升級換代等級提升升等優惠,high_school,noun/verb,,B2,CEFR-J vocabulary profile 1.5 (lemma/POS proxy; not sense-aligned),,,45,ai_initial:gpt-6-luna,"A fairly common word, though the supplied Chinese gloss combines several related senses.",,,medium,review_required,C:\Users\123\OneDrive\桌面\單字庫\高中英文單字_第五級.md,958
2f2314772eb442b7,utilize,利用運用發揮利用善加使用善用資源轉化功能轉化價值,high_school,verb,,,,,,55,ai_initial:gpt-6-luna,"A somewhat formal alternative to “use,” often used for making effective use of resources.",,,high,review_required,C:\Users\123\OneDrive\桌面\單字庫\高中英文單字_第五級.md,960
e1fc89de19288925,venture,冒險投機事業冒險行動風險投資；冒險前往敢於嘗試冒險下注,high_school,noun/verb,,B2,CEFR-J vocabulary profile 1.5 (lemma/POS proxy; not sense-aligned),,,65,ai_initial:gpt-6-luna,"Has several related but distinct senses, including daring to go somewhere or undertake something risky.",,,medium,review_required,C:\Users\123\OneDrive\桌面\單字庫\高中英文單字_第五級.md,968
c6c8be6fcd8969db,vow,誓約誓言結婚誓詞莊嚴宣誓承諾；發誓立誓立下重誓立願,high_school,noun/verb,,B2,CEFR-J vocabulary profile 1.5 (lemma/POS proxy; not sense-aligned),,,55,ai_initial:gpt-6-luna,"The word is moderately advanced, though its solemn promise and marriage-pledge senses are fairly recognizable.",,,high,review_required,C:\Users\123\OneDrive\桌面\單字庫\高中英文單字_第五級.md,987
fb51d8d217c2706a,workshop,研習會工作坊工作研習專案研討室車間工廠手工作坊工場,high_school,noun,,B1,CEFR-J vocabulary profile 1.5 (lemma/POS proxy; not sense-aligned),,,50,ai_initial:gpt-6-luna,"The Chinese gloss combines several distinct senses, including a training session and a workroom or factory, so the intended sense is unclear.",,,low,review_required,C:\Users\123\OneDrive\桌面\單字庫\高中英文單字_第五級.md,1006
916515563b7b1977,yield,出產產生帶來產量收益獲利讓步屈服讓路；產量投資回報率,high_school,noun/verb,,B2,CEFR-J vocabulary profile 1.5 (lemma/POS proxy; not sense-aligned),,,60,ai_initial:gpt-6-luna,"Common in several distinct senses, including producing something, giving way, and investment return; the intended sense depends on context.",,,medium,review_required,C:\Users\123\OneDrive\桌面\單字庫\高中英文單字_第五級.md,1011
552e873162aefc46,abound,充滿；富於,high_school,verb,,,,,,65,ai_initial:gpt-6-luna,“Abound” is a relatively uncommon verb meaning to be plentiful or full of something.,,,high,review_required,C:\Users\123\OneDrive\桌面\單字庫\高中英文單字_第六級.md,9
caf171099a9c1e84,accustom,使習慣於,high_school,verb,,B1,CEFR-J vocabulary profile 1.5 (lemma/POS proxy; not sense-aligned),,,60,ai_initial:gpt-6-luna,"A somewhat formal verb, and its common pattern “accustom someone to something” may be unfamiliar to learners.",,,high,review_required,C:\Users\123\OneDrive\桌面\單字庫\高中英文單字_第六級.md,21
02c6717c9639180b,administer / administrate,管理；執行；給予（藥物等）,high_school,verb,,,,,,60,ai_initial:gpt-6-luna,"A formal verb with several related uses; the medical sense is clear in context, while the administrative uses are less everyday.",,,high,review_required,C:\Users\123\OneDrive\桌面\單字庫\高中英文單字_第六級.md,26
63b3314f187bd6f2,align,排成一直線；使一致；結盟,high_school,verb,,,,,,45,ai_initial:gpt-6-luna,"A fairly common verb, though its several related senses may require context.",,,high,review_required,C:\Users\123\OneDrive\桌面\單字庫\高中英文單字_第六級.md,38
b028fb3080ee2fed,allege,聲稱；指控（未經證實）,high_school,verb,,,,,,65,ai_initial:gpt-6-luna,A formal verb for making an unproven claim or accusation; less common than basic verbs like “say” or “claim.”,,,high,review_required,C:\Users\123\OneDrive\桌面\單字庫\高中英文單字_第六級.md,39
a80e8bc68273a002,amid / amidst (prep.),在...之中；在...期間,high_school,preposition,,,,,,55,ai_initial:gpt-6-luna,"The sense is clear, but “amid” is somewhat formal and less common than simpler alternatives.",,,high,review_required,C:\Users\123\OneDrive\桌面\單字庫\高中英文單字_第六級.md,44
7a7e1bf6b53edf8a,amplify,放大（聲音）；增強；詳述,high_school,verb,,B2,CEFR-J vocabulary profile 1.5 (lemma/POS proxy; not sense-aligned),,,60,ai_initial:gpt-6-luna,“Amplify” is an intermediate-to-advanced verb; its sound-related sense is fairly specific.,,,high,review_required,C:\Users\123\OneDrive\桌面\單字庫\高中英文單字_第六級.md,45
15577407c25b6ff6,animate (v./adj.),使有生氣；賦予生命；有生命的,high_school,adjective/verb,,,,,,70,ai_initial:gpt-6-luna,The verb meaning “give life to” is less common and more advanced than everyday vocabulary.,,,high,review_required,C:\Users\123\OneDrive\桌面\單字庫\高中英文單字_第六級.md,49
5d01caf1d3b852f9,applaud,鼓掌；喝采；讚許,high_school,verb,,B1,CEFR-J vocabulary profile 1.5 (lemma/POS proxy; not sense-aligned),,,45,ai_initial:gpt-6-luna,A fairly common verb with both literal and figurative uses; the sense of expressing approval is moderately accessible.,,,high,review_required,C:\Users\123\OneDrive\桌面\單字庫\高中英文單字_第六級.md,55
82838b8b32225710,approximate (adj./v.),大約的；接近；近似,high_school,adjective/verb,,,,,,45,ai_initial:gpt-6-luna,“Approximate” is a moderately common word meaning roughly estimated or close to an exact amount.,,,high,review_required,C:\Users\123\OneDrive\桌面\單字庫\高中英文單字_第六級.md,58
2604363a7aabd3c4,aspire,熱望；立志；渴望,high_school,verb,,B2,CEFR-J vocabulary profile 1.5 (lemma/POS proxy; not sense-aligned),,,65,ai_initial:gpt-6-luna,A somewhat formal verb meaning to strongly hope or aim to achieve something.,,,high,review_required,C:\Users\123\OneDrive\桌面\單字庫\高中英文單字_第六級.md,63
3c077c5d94b37d29,astray (adv./adj.),迷路地；墮落；入歧途的,high_school,adverb,,,,,,60,ai_initial:gpt-6-luna,"A moderately uncommon word, often used figuratively in the expression “go astray.”",,,high,review_required,C:\Users\123\OneDrive\桌面\單字庫\高中英文單字_第六級.md,66
b0743ae919aaa297,attain(ment) (v./(n.)),達到；獲得；成就,high_school,noun/verb,,,,,,55,ai_initial:gpt-6-luna,"The supplied form combines “attain” and “attainment”; the meaning is clear, but the exact combined spelling cannot be used naturally in an example sentence.",,,low,review_required,C:\Users\123\OneDrive\桌面\單字庫\高中英文單字_第六級.md,70
4341c76ba57a0864,batter,打擊手；麵糊；連續猛擊,high_school,noun/verb,,,,,,,,,,,,review_required,C:\Users\123\OneDrive\桌面\單字庫\高中英文單字_第六級.md,84
3720585d8a522e5f,blond / blonde,金髮的；金髮白人,high_school,adjective/noun,,,,,,35,ai_initial:gpt-6-luna,"A fairly common descriptive word, though less basic than everyday color terms.",,,high,review_required,C:\Users\123\OneDrive\桌面\單字庫\高中英文單字_第六級.md,92
8441e1c02c748b9e,blot (v./n.),污漬；瑕疵；吸乾；塗污,high_school,noun/verb,,,,,,60,ai_initial:gpt-6-luna,“Blot” is a moderately uncommon word; its verb sense of absorbing liquid and noun sense of a stain or blemish may be less familiar to general learners.,,,high,review_required,C:\Users\123\OneDrive\桌面\單字庫\高中英文單字_第六級.md,93
b480ed44bde63271,blunt (adj./v.),鈍的；直言不諱的；使變鈍,high_school,adjective/verb,,,,,,55,ai_initial:gpt-6-luna,A familiar word with several distinct senses; understanding which meaning applies depends on context.,,,high,review_required,C:\Users\123\OneDrive\桌面\單字庫\高中英文單字_第六級.md,94
c818926a3f7e41d6,bodily (adj./adv.),肉體的；身體的；親身地,high_school,adjective,,,,,,50,ai_initial:gpt-6-luna,"A recognizable formation from “body,” though less common than basic physical terms.",,,high,review_required,C:\Users\123\OneDrive\桌面\單字庫\高中英文單字_第六級.md,95
3963f736df87178d,brassiere / bra,胸罩,high_school,noun,,,,,,30,ai_initial:gpt-6-luna,"“Bra” is a common, concrete word for this item of clothing; “brassiere” is less common.",,,high,review_required,C:\Users\123\OneDrive\桌面\單字庫\高中英文單字_第六級.md,102
3901bc8b76f7e399,broil,烤；炙；受炙熱,high_school,verb,,,,,,55,ai_initial:gpt-6-luna,"A moderately familiar verb, especially in cooking contexts, meaning to cook with intense direct heat.",,,high,review_required,C:\Users\123\OneDrive\桌面\單字庫\高中英文單字_第六級.md,110
fc8fda393de3d1e1,bypass,繞道；支路；繞過；避開,high_school,noun/verb,,,,,,50,ai_initial:gpt-6-luna,A moderately familiar word with distinct noun and verb uses.,,,high,review_required,C:\Users\123\OneDrive\桌面\單字庫\高中英文單字_第六級.md,116
2d6f20baef5f2325,casualty,傷亡人員；死傷者,high_school,noun,,,,,,65,ai_initial:gpt-6-luna,"A moderately advanced, less common word for people killed or injured in an incident.",,,high,review_required,C:\Users\123\OneDrive\桌面\單字庫\高中英文單字_第六級.md,130
438079a7904ca876,certify,證明；證實；頒發證書,high_school,verb,,B2,CEFR-J vocabulary profile 1.5 (lemma/POS proxy; not sense-aligned),,,60,ai_initial:gpt-6-luna,A moderately advanced verb used for officially confirming something or granting formal recognition.,,,high,review_required,C:\Users\123\OneDrive\桌面\單字庫\高中英文單字_第六級.md,141
ebde307832f89c7a,chairperson / chair / chairman / chairwoman,主席；會長；董事長,high_school,noun,,,,,,45,ai_initial:gpt-6-luna,"The leadership sense is common in organizations, though the range of related titles may take some learning.",,,high,review_required,C:\Users\123\OneDrive\桌面\單字庫\高中英文單字_第六級.md,142
3a47c72c2778bdd1,clasp (v./n.),緊抱；扣住；鉤子；緊握,high_school,noun/verb,,,,,,50,ai_initial:gpt-6-luna,"A moderately uncommon word with several related meanings, including fastening and holding tightly.",,,high,review_required,C:\Users\123\OneDrive\桌面\單字庫\高中英文單字_第六級.md,156
177967ef11d43319,clockwise (adv./adj.),順時針方向的（地）,high_school,adjective/adverb,,,,,,35,ai_initial:gpt-6-luna,A concrete directional term that is commonly used in instructions.,,,high,review_required,C:\Users\123\OneDrive\桌面\單字庫\高中英文單字_第六級.md,159
285b7f75b8a0d48b,compile,編纂；匯編；收集,high_school,verb,,B2,CEFR-J vocabulary profile 1.5 (lemma/POS proxy; not sense-aligned),,,55,ai_initial:gpt-6-luna,"A familiar verb, though using it for systematically collecting and organizing information is somewhat advanced.",,,high,review_required,C:\Users\123\OneDrive\桌面\單字庫\高中英文單字_第六級.md,171
16641f27cec7cda8,complement (v./n.),補充；補足物；補語,high_school,noun/verb,,,,,,65,ai_initial:gpt-6-luna,"The word has several related uses, including providing something additional and a grammatical complement.",,,high,review_required,C:\Users\123\OneDrive\桌面\單字庫\高中英文單字_第六級.md,172
29c5a13e9f7bab57,conserve (v./n.),保存；保護；蜜餞,high_school,noun/verb,,,,,,60,ai_initial:gpt-6-luna,The verb meaning ‘preserve or protect’ is moderately advanced; the noun meaning ‘fruit preserve’ is less common.,,,medium,review_required,C:\Users\123\OneDrive\桌面\單字庫\高中英文單字_第六級.md,185
30710910c4b4bafc,contradict,反駁；與...矛盾,high_school,verb,,B2,CEFR-J vocabulary profile 1.5 (lemma/POS proxy; not sense-aligned),,,65,ai_initial:gpt-6-luna,An abstract verb used to express direct opposition or inconsistency; moderately challenging for general learners.,,,high,review_required,C:\Users\123\OneDrive\桌面\單字庫\高中英文單字_第六級.md,192
35dc61dd174bec92,cram,把...塞滿；死記硬背,high_school,verb,,,,,,55,ai_initial:gpt-6-luna,"A fairly common verb, but its meanings and use in phrases such as “cram something into” may be challenging for learners.",,,high,review_required,C:\Users\123\OneDrive\桌面\單字庫\高中英文單字_第六級.md,205
86f43dcefae507e3,dazzle (v./n.),使眼花繚亂；耀眼眩目,high_school,verb,,,,,,50,ai_initial:gpt-6-luna,"The visual sense is fairly common, though the word may be unfamiliar to some learners.",,,high,review_required,C:\Users\123\OneDrive\桌面\單字庫\高中英文單字_第六級.md,221
b37ef10fa9dd9eca,deem,認為；視為,high_school,verb,,B2,CEFR-J vocabulary profile 1.5 (lemma/POS proxy; not sense-aligned),,,65,ai_initial:gpt-6-luna,A relatively formal verb meaning to consider or regard something in a particular way.,,,high,review_required,C:\Users\123\OneDrive\桌面\單字庫\高中英文單字_第六級.md,226
1f7df164fb3711c4,deprive,剝奪；使喪失,high_school,verb,,B1,CEFR-J vocabulary profile 1.5 (lemma/POS proxy; not sense-aligned),,,65,ai_initial:gpt-6-luna,"A moderately advanced verb, often used in the construction “deprive someone of something.”",,,high,review_required,C:\Users\123\OneDrive\桌面\單字庫\高中英文單字_第六級.md,233
87cd26189f3c2041,despise,蔑視；鄙視,high_school,verb,,B2,CEFR-J vocabulary profile 1.5 (lemma/POS proxy; not sense-aligned),,,65,ai_initial:gpt-6-luna,"A relatively advanced verb for expressing strong contempt, but its meaning is clear in context.",,,high,review_required,C:\Users\123\OneDrive\桌面\單字庫\高中英文單字_第六級.md,235
dc7a0c288f003aeb,detain,拘留；扣留；耽擱,high_school,verb,,,,,,65,ai_initial:gpt-6-luna,"A moderately advanced verb, used for holding someone or delaying their progress.",,,high,review_required,C:\Users\123\OneDrive\桌面\單字庫\高中英文單字_第六級.md,238
ef6751a64837511c,devour,吞食；狼吞虎嚥；毀滅,high_school,verb,,,,,,65,ai_initial:gpt-6-luna,“Devour” is less common than basic eating verbs and can also mean to destroy completely.,,,high,review_required,C:\Users\123\OneDrive\桌面\單字庫\高中英文單字_第六級.md,242
b7021c0aa0bbc73f,dictate,口述；指示；支配；聽寫,high_school,verb,,,,,,55,ai_initial:gpt-6-luna,The verb has several common senses; this example illustrates the sense of speaking words for someone else to write down.,,,high,review_required,C:\Users\123\OneDrive\桌面\單字庫\高中英文單字_第六級.md,244
5c1756e2c8453552,discard (v./n.),拋棄；丟棄；廢棄物,high_school,noun/verb,,,,,,55,ai_initial:gpt-6-luna,The verb means to throw away or get rid of something; it is somewhat more formal than “throw away.”,,,high,review_required,C:\Users\123\OneDrive\桌面\單字庫\高中英文單字_第六級.md,255
cc73151b77ca407f,dismay,沮喪；驚慌；使沮喪,high_school,noun/verb,,,,,,65,ai_initial:gpt-6-luna,A less common word with both noun and verb uses; the verb sense can mean to cause distress or alarm.,,,high,review_required,C:\Users\123\OneDrive\桌面\單字庫\高中英文單字_第六級.md,263
428bc09c7e20d7ad,dispense,分配；分發；配藥,high_school,verb,,,,,,65,ai_initial:gpt-6-luna,"A moderately advanced verb, especially in the sense of preparing and providing medicine.",,,high,review_required,C:\Users\123\OneDrive\桌面\單字庫\高中英文單字_第六級.md,265
d230c3cb6659f3ff,divert,使轉向；轉移（注意力）；逗樂,high_school,verb,,B2,CEFR-J vocabulary profile 1.5 (lemma/POS proxy; not sense-aligned),,,60,ai_initial:gpt-6-luna,"A moderately advanced verb with several related senses, including redirecting attention.",,,high,review_required,C:\Users\123\OneDrive\桌面\單字庫\高中英文單字_第六級.md,275
10fdf4f234d886c3,downward / downwards,向下地,high_school,adverb,,,,,,25,ai_initial:gpt-6-luna,A common directional adverb with a straightforward meaning.,,,high,review_required,C:\Users\123\OneDrive\桌面\單字庫\高中英文單字_第六級.md,279
6505300256f2d6eb,doze (v./n.),打瞌睡；打盹,high_school,noun/verb,,,,,,35,ai_initial:gpt-6-luna,"A fairly familiar word for briefly sleeping, though less basic than “sleep.”",,,high,review_required,C:\Users\123\OneDrive\桌面\單字庫\高中英文單字_第六級.md,280
4d4a7438346a9d72,dwarf,侏儒；矮星；使矮小；使相形見絀,high_school,noun/verb,,B2,CEFR-J vocabulary profile 1.5 (lemma/POS proxy; not sense-aligned),,,65,ai_initial:gpt-6-luna,"The word has several distinct senses, including a less common astronomical sense; the supplied meanings vary in familiarity.",,,medium,review_required,C:\Users\123\OneDrive\桌面\單字庫\高中英文單字_第六級.md,289
b330fbfa1e1f5391,elevate,提升；提高；使興奮,high_school,verb,,,,,,60,ai_initial:gpt-6-luna,“Elevate” is a moderately advanced verb; here it means to lift someone’s mood or make them feel more positive.,,,high,review_required,C:\Users\123\OneDrive\桌面\單字庫\高中英文單字_第六級.md,297
25aacc841b8a65ef,enhance(ment) (v./(n.)),提高；增強；加強,high_school,noun/verb,,,,,,55,ai_initial:gpt-6-luna,"A moderately advanced word, especially common in formal or academic contexts; both the verb and noun express improvement or strengthening.",,,high,review_required,C:\Users\123\OneDrive\桌面\單字庫\高中英文單字_第六級.md,305
ce7d7f38008cbc0e,enlighten(ment) (v./(n.)),啟發；開導；啟蒙,high_school,noun/verb,,,,,,55,ai_initial:gpt-6-luna,"The sense is clear; “enlighten” is moderately advanced, while the noun form “enlightenment” is also used for this meaning.",,,high,review_required,C:\Users\123\OneDrive\桌面\單字庫\高中英文單字_第六級.md,306
1032fd779cc0635d,enrich(ment) (v./(n.)),使豐富；充實；使富裕,high_school,noun/verb,,,,,,50,ai_initial:gpt-6-luna,"“Enrich” is an intermediate-level word meaning to make something fuller, more valuable, or wealthier; “enrichment” is its noun form.",,,high,review_required,C:\Users\123\OneDrive\桌面\單字庫\高中英文單字_第六級.md,307
5b313906112398ed,enroll(ment) (v./(n.)),註冊；入學；招收人數,high_school,noun/verb,,,,,,45,ai_initial:gpt-6-luna,"A fairly common word, though its verb and noun forms and educational-administration sense may be less familiar to learners.",,,high,review_required,C:\Users\123\OneDrive\桌面\單字庫\高中英文單字_第六級.md,308
d7d24c733f470790,escort,護送；隨從；護航,high_school,noun/verb,,,,,,45,ai_initial:gpt-6-luna,A moderately familiar word with several related uses; the supplied senses are clear.,,,high,review_required,C:\Users\123\OneDrive\桌面\單字庫\高中英文單字_第六級.md,311
15738a4bd49693bd,evacuate,疏散；撤離,high_school,verb,,B2,CEFR-J vocabulary profile 1.5 (lemma/POS proxy; not sense-aligned),,,60,ai_initial:gpt-6-luna,"A moderately advanced verb, often used in emergencies to mean moving people away from danger.",,,high,review_required,C:\Users\123\OneDrive\桌面\單字庫\高中英文單字_第六級.md,314
07a8ea591a61e786,excel,擅長；勝過；優於,high_school,verb,,B2,CEFR-J vocabulary profile 1.5 (lemma/POS proxy; not sense-aligned),,,60,ai_initial:gpt-6-luna,A moderately advanced verb meaning to be especially good at something or to surpass others.,,,high,review_required,C:\Users\123\OneDrive\桌面\單字庫\高中英文單字_第六級.md,319
45e2465fb9cd6694,exempt (adj./v.),免除的；豁免,high_school,adjective/verb,,,,,,60,ai_initial:gpt-6-luna,"A moderately advanced word for being freed from a duty, rule, or payment.",,,high,review_required,C:\Users\123\OneDrive\桌面\單字庫\高中英文單字_第六級.md,323
ad824a3256d0e6ab,eyelash / lash,睫毛,high_school,noun,,,,,,35,ai_initial:gpt-6-luna,"“Eyelash” is a concrete, commonly encountered word; “lash” is a less specific alternative.",,,high,review_required,C:\Users\123\OneDrive\桌面\單字庫\高中英文單字_第六級.md,330
a4f7ac5c9ef012ba,fiancé / fiance,未婚夫,high_school,noun,,,,,,55,ai_initial:gpt-6-luna,A specific relationship term that is less common than basic family vocabulary.,,,high,review_required,C:\Users\123\OneDrive\桌面\單字庫\高中英文單字_第六級.md,344
de3931f2916846a8,flourish (v./n.),繁榮；興盛；揮舞,high_school,noun/verb,,,,,,50,ai_initial:gpt-6-luna,"The verb meaning “繁榮；興盛” is fairly familiar, though “揮舞” and the noun use add some ambiguity.",,,high,review_required,C:\Users\123\OneDrive\桌面\單字庫\高中英文單字_第六級.md,352
0ecfda32bf143dc9,flunk (v./n.),當掉；不及格,high_school,verb,,,,,,50,ai_initial:gpt-6-luna,A colloquial term for failing a test or course; less common than “fail.”,,,high,review_required,C:\Users\123\OneDrive\桌面\單字庫\高中英文單字_第六級.md,353
73fa627539369b37,formulate,構想；制定；規劃,high_school,verb,,,,,,65,ai_initial:gpt-6-luna,A moderately advanced verb meaning to develop or devise a plan or idea.,,,high,review_required,C:\Users\123\OneDrive\桌面\單字庫\高中英文單字_第六級.md,357
cdbb855bdbd076cf,fume (v./n.),煙霧；發怒；冒煙,high_school,noun/verb,,,,,,55,ai_initial:gpt-6-luna,The word has several related senses; the example demonstrates the sense of becoming angry.,,,high,review_required,C:\Users\123\OneDrive\桌面\單字庫\高中英文單字_第六級.md,369
6790d12e32b75912,glide (v./n.),滑行；滑動；悄悄流逝,high_school,verb,,,,,,50,ai_initial:gpt-6-luna,“Glide” is an intermediate-level verb; here it means that time passes smoothly and quietly.,,,high,review_required,C:\Users\123\OneDrive\桌面\單字庫\高中英文單字_第六級.md,384
05504eab64789553,groan,呻吟；抱怨；發出呻吟聲,high_school,noun/verb,,,,,,40,ai_initial:gpt-6-luna,A fairly common word with a clear but context-dependent meaning.,,,high,review_required,C:\Users\123\OneDrive\桌面\單字庫\高中英文單字_第六級.md,394
c17716de95e26a6c,grumble (v./n.),抱怨；發牢騷,high_school,noun/verb,,,,,,45,ai_initial:gpt-6-luna,"A fairly common word for expressing annoyance or dissatisfaction, but less basic than “complain.”",,,high,review_required,C:\Users\123\OneDrive\桌面\單字庫\高中英文單字_第六級.md,396
80d3f635a7e59732,hail,冰雹；歡呼；向...致敬；招呼（計程車）,high_school,noun/verb,,B2,CEFR-J vocabulary profile 1.5 (lemma/POS proxy; not sense-aligned),,,70,ai_initial:gpt-6-luna,"The listed senses are varied, and using “hail” for ice pellets, enthusiastic greeting, or stopping a taxi may be less familiar than its basic uses.",,,high,review_required,C:\Users\123\OneDrive\桌面\單字庫\高中英文單字_第六級.md,398
27bf56463d205486,hamper,妨礙；牽制；阻礙,high_school,verb,,,,,,55,ai_initial:gpt-6-luna,A moderately advanced verb meaning to make progress or activity more difficult.,,,high,review_required,C:\Users\123\OneDrive\桌面\單字庫\高中英文單字_第六級.md,399
53f07fc9679fe2ff,handicraft,手工藝品；手藝,high_school,noun,,B2,CEFR-J vocabulary profile 1.5 (lemma/POS proxy; not sense-aligned),,,50,ai_initial:gpt-6-luna,"A somewhat uncommon word for an object made by hand, though its meaning is fairly transparent.",,,high,review_required,C:\Users\123\OneDrive\桌面\單字庫\高中英文單字_第六級.md,401
b9af4e53b332c76c,harass(ment) (v./(n.)),騷擾；使煩惱,high_school,verb,,,,,,55,ai_initial:gpt-6-luna,“Harass” is a moderately familiar verb meaning to repeatedly bother or trouble someone.,,,high,review_required,C:\Users\123\OneDrive\桌面\單字庫\高中英文單字_第六級.md,402
cbb93489c682f896,harden,使變硬；使堅強,high_school,verb,,,,,,50,ai_initial:gpt-6-luna,A fairly common verb with both physical and figurative uses; the figurative sense is somewhat less basic.,,,high,review_required,C:\Users\123\OneDrive\桌面\單字庫\高中英文單字_第六級.md,403
ae3f619c70bfab5f,haunt (v./n.),常去之處；鬧鬼；纏繞縈繞於心,high_school,noun/verb,,,,,,65,ai_initial:gpt-6-luna,"The word is familiar, but its different senses and figurative use can be challenging.",,,high,review_required,C:\Users\123\OneDrive\桌面\單字庫\高中英文單字_第六級.md,406
0cae3e83d8e3977d,headphone(s),頭戴式耳機,high_school,noun,,,,,,20,ai_initial:gpt-6-luna,"A common, concrete everyday noun with a straightforward meaning.",,,high,review_required,C:\Users\123\OneDrive\桌面\單字庫\高中英文單字_第六級.md,407
cddeed9584f0587a,hedge,樹籬；防範；避免作正面答覆,high_school,noun/verb,,B2,CEFR-J vocabulary profile 1.5 (lemma/POS proxy; not sense-aligned),,,65,ai_initial:gpt-6-luna,The sense of avoiding a direct answer is less common and more nuanced than the familiar noun meaning.,,,high,review_required,C:\Users\123\OneDrive\桌面\單字庫\高中英文單字_第六級.md,410
577d98ae58f495f9,hijack (v./n.),劫持（飛機等）；強行霸佔,high_school,noun/verb,,,,,,65,ai_initial:gpt-6-luna,"The word is fairly familiar in news contexts, but its specific sense of forcibly taking control may be less common for general learners.",,,high,review_required,C:\Users\123\OneDrive\桌面\單字庫\高中英文單字_第六級.md,417
f2e1286acd58256d,hover (v./n.),盤旋；徘徊；猶豫不決,high_school,verb,,,,,,50,ai_initial:gpt-6-luna,"The verb is familiar, but its figurative sense of being unable to decide is less basic than physical hovering.",,,high,review_required,C:\Users\123\OneDrive\桌面\單字庫\高中英文單字_第六級.md,425
edfde2ec1e22eda6,humiliate,羞辱；使丟臉,high_school,verb,,B2,CEFR-J vocabulary profile 1.5 (lemma/POS proxy; not sense-aligned),,,60,ai_initial:gpt-6-luna,A moderately advanced verb for making someone feel deeply ashamed or embarrassed.,,,high,review_required,C:\Users\123\OneDrive\桌面\單字庫\高中英文單字_第六級.md,426
50f0dcd0be2c32ef,hurdle,跨欄；障礙；跨越,high_school,noun/verb,,,,,,45,ai_initial:gpt-6-luna,A fairly common word with both a concrete sports sense and a broader sense of an obstacle to overcome.,,,high,review_required,C:\Users\123\OneDrive\桌面\單字庫\高中英文單字_第六級.md,428
5036256d19f8cd6f,illuminate,照亮；闡明；啟發,high_school,verb,,B1,CEFR-J vocabulary profile 1.5 (lemma/POS proxy; not sense-aligned),,,60,ai_initial:gpt-6-luna,"A moderately advanced verb, especially in its figurative sense of making an idea clearer.",,,high,review_required,C:\Users\123\OneDrive\桌面\單字庫\高中英文單字_第六級.md,433
2cde5550c6d88a18,imprison(ment) (v./(n.)),監禁；關押,high_school,noun/verb,,,,,,55,ai_initial:gpt-6-luna,The meaning is clear; both “imprison” and “imprisonment” are moderately advanced vocabulary.,,,high,review_required,C:\Users\123\OneDrive\桌面\單字庫\高中英文單字_第六級.md,439
6af4b95610a4cb9e,incline (v./n.),傾向；傾斜；斜坡,high_school,noun/verb,,,,,,60,ai_initial:gpt-6-luna,The word has several related senses and is less common than simpler words such as “slant” or “slope.”,,,medium,review_required,C:\Users\123\OneDrive\桌面\單字庫\高中英文單字_第六級.md,440
44b6a7a50a265973,incur,招致；蒙受；帶來（損失等）,high_school,verb,,B2,CEFR-J vocabulary profile 1.5 (lemma/POS proxy; not sense-aligned),,,65,ai_initial:gpt-6-luna,"A somewhat formal verb commonly used for losses, costs, or liabilities that someone suffers or brings upon themselves.",,,high,review_required,C:\Users\123\OneDrive\桌面\單字庫\高中英文單字_第六級.md,442
92dcc0ffe030f06d,inflict,予以打擊；施加（痛苦、處罰等）,high_school,verb,,,,,,65,ai_initial:gpt-6-luna,"“Inflict” is a somewhat advanced verb meaning to cause or impose something unpleasant, such as punishment or pain.",,,high,review_required,C:\Users\123\OneDrive\桌面\單字庫\高中英文單字_第六級.md,449
5372123d524484f2,inland (adj./adv./n.),內陸的；向內陸；內陸地區,high_school,adjective,,,,,,45,ai_initial:gpt-6-luna,A moderately common word for places away from the coast; the intended sense is clear.,,,high,review_required,C:\Users\123\OneDrive\桌面\單字庫\高中英文單字_第六級.md,453
0d714ba1171f914c,intervene,干預；介入；阻撓,high_school,verb,,,,,,60,ai_initial:gpt-6-luna,A moderately advanced verb for stepping in to affect or prevent an event.,,,high,review_required,C:\Users\123\OneDrive\桌面\單字庫\高中英文單字_第六級.md,462
a5ebaa66d394255c,jolly (adj./adv./v./n.),歡樂的；快活的；非常,high_school,adjective/adverb,,,,,,40,ai_initial:gpt-6-luna,"The cheerful adjective sense is fairly accessible, while jolly as an intensifier meaning “very” is less common.",,,high,review_required,C:\Users\123\OneDrive\桌面\單字庫\高中英文單字_第六級.md,483
689ef8fbbb497839,kindle,點燃；激起（熱情、希望等）,high_school,verb,,,,,,65,ai_initial:gpt-6-luna,The figurative sense is less common and more advanced than the literal sense of starting a fire.,,,high,review_required,C:\Users\123\OneDrive\桌面\單字庫\高中英文單字_第六級.md,487
adefb6c06f1da832,limp (n./v./adj.),跛行；瘸著走；軟弱無力的,high_school,adjective/noun/verb,,,,,,40,ai_initial:gpt-6-luna,"The supplied senses are common and concrete, though the word has multiple parts of speech.",,,high,review_required,C:\Users\123\OneDrive\桌面\單字庫\高中英文單字_第六級.md,508
b0b8239f661a9ff6,linger,逗留；徘徊；拖延,high_school,verb,,B2,CEFR-J vocabulary profile 1.5 (lemma/POS proxy; not sense-aligned),,,65,ai_initial:gpt-6-luna,A moderately advanced verb for staying or continuing longer than expected.,,,high,review_required,C:\Users\123\OneDrive\桌面\單字庫\高中英文單字_第六級.md,510
24faea8188ac5d0c,madam / ma'am,女士；夫人,high_school,noun,,,,,,40,ai_initial:gpt-6-luna,"A familiar form of address, though it is somewhat formal and usage varies by region.",,,high,review_required,C:\Users\123\OneDrive\桌面\單字庫\高中英文單字_第六級.md,532
d34d36d4c77c705f,magnify,放大；擴大；誇大,high_school,verb,,B2,CEFR-J vocabulary profile 1.5 (lemma/POS proxy; not sense-aligned),,,65,ai_initial:gpt-6-luna,A moderately advanced verb with both literal and figurative uses.,,,high,review_required,C:\Users\123\OneDrive\桌面\單字庫\高中英文單字_第六級.md,533
909c0bc02d35b3e3,meditate,沉思；冥想,high_school,verb,,B1,CEFR-J vocabulary profile 1.5 (lemma/POS proxy; not sense-aligned),,,55,ai_initial:gpt-6-luna,A moderately familiar verb for thinking deeply or practising meditation; the intended sense is clear.,,,high,review_required,C:\Users\123\OneDrive\桌面\單字庫\高中英文單字_第六級.md,547
22ea2af94c2d1acd,mimic (v./n.),模仿；摹擬；善於模仿者,high_school,noun/verb,,,,,,45,ai_initial:gpt-6-luna,“Mimic” is a moderately advanced word for imitating someone or something; it can also mean a person who imitates well.,,,high,review_required,C:\Users\123\OneDrive\桌面\單字庫\高中英文單字_第六級.md,554
9ff2a70c2ceb6c84,mingle,混合；混入；交際應酬,high_school,verb,,,,,,45,ai_initial:gpt-6-luna,A moderately familiar verb with several related senses; the social sense is clear in context.,,,high,review_required,C:\Users\123\OneDrive\桌面\單字庫\高中英文單字_第六級.md,555
ac089bb16c68f26a,mobilize,動員；調動（資源、人力）,high_school,verb,,,,,,60,ai_initial:gpt-6-luna,A somewhat formal verb for organizing and bringing people or resources into action.,,,high,review_required,C:\Users\123\OneDrive\桌面\單字庫\高中英文單字_第六級.md,560
a49c511c85e2d7e1,mute (adj./v./n.),啞的；沉默的；靜音,high_school,adjective/noun/verb,,,,,,55,ai_initial:gpt-6-luna,"The word has several common but distinct senses, including being unable to speak, being silent, and silencing sound.",,,high,review_required,C:\Users\123\OneDrive\桌面\單字庫\高中英文單字_第六級.md,579
1dc511994c94db85,nag (v./n.),嘮叨；不斷抱怨,high_school,noun/verb,,,,,,45,ai_initial:gpt-6-luna,A fairly common informal word for repeatedly complaining or reminding someone.,,,high,review_required,C:\Users\123\OneDrive\桌面\單字庫\高中英文單字_第六級.md,580
7de4da3a69223aef,nourish(ment) (v./(n.)),滋養；撫養；養分,high_school,noun/verb,,,,,,45,ai_initial:gpt-6-luna,“Nourish” is a moderately advanced verb for providing food or care; “nourishment” is its related noun for sustenance or nutrients.,,,high,review_required,C:\Users\123\OneDrive\桌面\單字庫\高中英文單字_第六級.md,591
3265bb8c25c924b0,nurture (v./n.),培育；滋養；養育,high_school,noun/verb,,,,,,55,ai_initial:gpt-6-luna,"A fairly common word, but its use for raising, nourishing, or fostering can be nuanced.",,,high,review_required,C:\Users\123\OneDrive\桌面\單字庫\高中英文單字_第六級.md,595
20a34b71109caf1b,oppress,壓迫；壓制；使沉重,high_school,verb,,B1,CEFR-J vocabulary profile 1.5 (lemma/POS proxy; not sense-aligned),,,65,ai_initial:gpt-6-luna,A moderately advanced verb for unjustly controlling or suppressing people.,,,high,review_required,C:\Users\123\OneDrive\桌面\單字庫\高中英文單字_第六級.md,608
d4bae7b36231a103,originate,起源於；創始；引起,high_school,verb,,B2,CEFR-J vocabulary profile 1.5 (lemma/POS proxy; not sense-aligned),,,60,ai_initial:gpt-6-luna,"A moderately advanced verb, especially when used to describe where something began.",,,high,review_required,C:\Users\123\OneDrive\桌面\單字庫\高中英文單字_第六級.md,615
4652fb926867dafa,outnumber,在數量上超過,high_school,verb,,,,,,55,ai_initial:gpt-6-luna,"A fairly transparent verb, though less common than basic words for comparing quantities.",,,high,review_required,C:\Users\123\OneDrive\桌面\單字庫\高中英文單字_第六級.md,625
3de61cebd475fc3c,outright (adj./adv.),徹底的；直接坦率的；當場立即,high_school,adjective,,,,,,60,ai_initial:gpt-6-luna,"The word has several related but distinct uses, so learners may need context to distinguish them.",,,medium,review_required,C:\Users\123\OneDrive\桌面\單字庫\高中英文單字_第六級.md,628
53974a9fdccd9875,outward / outwards,向外地,high_school,adverb,,,,,,35,ai_initial:gpt-6-luna,The directional adverb is common and its meaning is straightforward for general English learners.,,,high,review_required,C:\Users\123\OneDrive\桌面\單字庫\高中英文單字_第六級.md,632
04de18009be3ee8b,overhear,無意中聽到；偷聽,high_school,verb,,B2,CEFR-J vocabulary profile 1.5 (lemma/POS proxy; not sense-aligned),,,55,ai_initial:gpt-6-luna,A fairly common verb for hearing something unintentionally; the supplied sense is clear.,,,high,review_required,C:\Users\123\OneDrive\桌面\單字庫\高中英文單字_第六級.md,635
c2a17796c9acaf5b,paralyze,使麻痺；使癱瘓,high_school,verb,,,,,,60,ai_initial:gpt-6-luna,A less common verb for causing loss of movement or sensation.,,,high,review_required,C:\Users\123\OneDrive\桌面\單字庫\高中英文單字_第六級.md,644
0e68e654ed4f64bd,perish,毀滅；死亡；喪生,high_school,verb,,,,,,60,ai_initial:gpt-6-luna,A somewhat formal word for dying or being destroyed; less common than “die.”,,,high,review_required,C:\Users\123\OneDrive\桌面\單字庫\高中英文單字_第六級.md,656
c449c973adc08455,preach,佈道；宣講；說教,high_school,verb,,,,,,55,ai_initial:gpt-6-luna,"A fairly common verb, though its religious and moralizing uses may be less familiar to learners.",,,high,review_required,C:\Users\123\OneDrive\桌面\單字庫\高中英文單字_第六級.md,683
d18fbccb8329a537,propel,推進；驅使,high_school,verb,,,,23740,wordfreq 3.x large English combined frequency list; corpus rank (approximate),60,ai_initial:gpt-6-luna,A somewhat formal verb meaning to push or drive something forward.,,,high,review_required,C:\Users\123\OneDrive\桌面\單字庫\高中英文單字_第六級.md,700
3873d3c060eabb9f,publicize,宣傳；公佈,high_school,verb,,,,,,55,ai_initial:gpt-6-luna,"A fairly common verb, though somewhat more formal than simpler words like “promote” or “announce.”",,,high,review_required,C:\Users\123\OneDrive\桌面\單字庫\高中英文單字_第六級.md,711
a15676b72f10f185,purify,淨化；使純淨,high_school,verb,,B1,CEFR-J vocabulary profile 1.5 (lemma/POS proxy; not sense-aligned),,,60,ai_initial:gpt-6-luna,"A fairly uncommon verb, but its meaning is clear in contexts about cleaning or removing impurities.",,,high,review_required,C:\Users\123\OneDrive\桌面\單字庫\高中英文單字_第六級.md,714
084266f9391b8109,quake (v./n.),顫抖；發抖；地震,high_school,noun/verb,,,,,,45,ai_initial:gpt-6-luna,The verb meaning “tremble” and the noun meaning “earthquake” are understandable but less common than basic vocabulary.,,,high,review_required,C:\Users\123\OneDrive\桌面\單字庫\高中英文單字_第六級.md,716
c769986485bcb196,radiate (v./adj.),輻射；散發；流露,high_school,verb,,,,,,55,ai_initial:gpt-6-luna,"A familiar verb for giving off light, heat, or a quality; the figurative sense is somewhat abstract.",,,high,review_required,C:\Users\123\OneDrive\桌面\單字庫\高中英文單字_第六級.md,719
c0545c1e97584962,reap,收穫；收割；獲得好處,high_school,verb,,,,,,65,ai_initial:gpt-6-luna,"A less common verb used for harvesting crops and, figuratively, gaining benefits or results.",,,high,review_required,C:\Users\123\OneDrive\桌面\單字庫\高中英文單字_第六級.md,727
4c3c2b7b490ffe00,reconcile,調和；使和解；使甘心於,high_school,verb,,,,,,70,ai_initial:gpt-6-luna,A relatively advanced verb with several related meanings; this sentence uses the sense of becoming resigned to something.,,,high,review_required,C:\Users\123\OneDrive\桌面\單字庫\高中英文單字_第六級.md,730
ccdeb652361e54b3,refine(ment) (v./(n.)),精煉；提純；文雅精緻,high_school,noun/verb,,,,,,65,ai_initial:gpt-6-luna,A moderately advanced word; its meanings include purifying a substance and making something more polished or elegant.,,,high,review_required,C:\Users\123\OneDrive\桌面\單字庫\高中英文單字_第六級.md,736
de1167318c08629e,refresh(ment) (v./(n.)),使精神振作；刷新,high_school,verb,,,,,,35,ai_initial:gpt-6-luna,A common verb with familiar meanings of restoring energy or making something current again.,,,high,review_required,C:\Users\123\OneDrive\桌面\單字庫\高中英文單字_第六級.md,738
1e7579b45d102bc2,rejoice,歡欣；欣喜,high_school,verb,,,,,,55,ai_initial:gpt-6-luna,A somewhat formal verb for feeling great joy; its meaning is clear in context.,,,high,review_required,C:\Users\123\OneDrive\桌面\單字庫\高中英文單字_第六級.md,744
71f87cdb5c1733ae,reproduce,繁殖；複製；再現,high_school,verb,,B1,CEFR-J vocabulary profile 1.5 (lemma/POS proxy; not sense-aligned),,,45,ai_initial:gpt-6-luna,A common verb with several related senses; the intended senses are generally understandable from context.,,,high,review_required,C:\Users\123\OneDrive\桌面\單字庫\高中英文單字_第六級.md,753
47106fe37478e645,resent(ment) (v./(n.)),怨恨；憤慨,high_school,noun/verb,,,,,,55,ai_initial:gpt-6-luna,“Resent” and “resentment” express lasting anger or bitterness; the words are moderately advanced but common in general English.,,,high,review_required,C:\Users\123\OneDrive\桌面\單字庫\高中英文單字_第六級.md,755
349dfd1cd73e6574,reside,居住；定居；存在於,high_school,verb,,,,,,60,ai_initial:gpt-6-luna,A somewhat formal verb meaning to live somewhere or to exist in something.,,,high,review_required,C:\Users\123\OneDrive\桌面\單字庫\高中英文單字_第六級.md,756
76fae3020b7ce632,roam (v./n.),漫遊；漫步；遊蕩,high_school,noun/verb,,,,,,45,ai_initial:gpt-6-luna,A fairly familiar word for wandering around without a fixed destination.,,,high,review_required,C:\Users\123\OneDrive\桌面\單字庫\高中英文單字_第六級.md,772
79ad42b45dab4927,salvage (v./n.),打撈；搶救；挽救,high_school,noun/verb,,,,,,65,ai_initial:gpt-6-luna,"A relatively uncommon word, but its rescue and recovery sense is clear in context.",,,high,review_required,C:\Users\123\OneDrive\桌面\單字庫\高中英文單字_第六級.md,781
8f2e6d4cb1c5fdfc,savage (adj./n./v.),野蠻殘暴的；野蠻人；猛烈抨擊,high_school,adjective/noun/verb,,,,,,60,ai_initial:gpt-6-luna,"The adjective meaning is fairly familiar, but the noun and verb senses are less common and the word has several distinct uses.",,,high,review_required,C:\Users\123\OneDrive\桌面\單字庫\高中英文單字_第六級.md,783
8d2f3d36702689d4,scorn,輕蔑；鄙視,high_school,noun/verb,,,,,,75,ai_initial:gpt-6-luna,「scorn」表示強烈的輕蔑或鄙視，對一般英語學習者而言較進階。,,,high,review_required,C:\Users\123\OneDrive\桌面\單字庫\高中英文單字_第六級.md,785
339585ecb41492f9,scrape (v./n.),刮擦；擦傷；擦痕,high_school,noun/verb,,,,,,40,ai_initial:gpt-6-luna,A fairly common word; the physical sense of scraping or causing a minor abrasion is concrete and easy to demonstrate.,,,high,review_required,C:\Users\123\OneDrive\桌面\單字庫\高中英文單字_第六級.md,786
afd4a2604328a089,seagull / gull,海鷗,high_school,noun,,,,,,30,ai_initial:gpt-6-luna,"A familiar, concrete bird name that may be less common than basic animal vocabulary.",,,high,review_required,C:\Users\123\OneDrive\桌面\單字庫\高中英文單字_第六級.md,791
a68d5b9a7148a3cd,seduce,引誘；誘惑,high_school,verb,,,,21441,wordfreq 3.x large English combined frequency list; corpus rank (approximate),65,ai_initial:gpt-6-luna,"A recognizable verb, but its persuasive or enticing sense is less common and more nuanced than basic words for temptation.",,,high,review_required,C:\Users\123\OneDrive\桌面\單字庫\高中英文單字_第六級.md,792
62f51f7b0942e9e6,serving,一人份（食物等）,high_school,noun,,,,,,30,ai_initial:gpt-6-luna,A common food-related noun meaning one portion for one person.,,,high,review_required,C:\Users\123\OneDrive\桌面\單字庫\高中英文單字_第六級.md,798
bf8fa3da1bd6ec96,shred,碎片；破布；撕碎；粉碎,high_school,noun/verb,,,,,,45,ai_initial:gpt-6-luna,The word has several related meanings; the verb meaning “撕碎” is fairly accessible but less basic.,,,high,review_required,C:\Users\123\OneDrive\桌面\單字庫\高中英文單字_第六級.md,805
eff534aec712df4a,shuffle,洗牌；拖步慢行；洗牌拖步,high_school,verb,,,,,,50,ai_initial:gpt-6-luna,"A common verb, but its card-playing and slow-walking senses may be less familiar to learners.",,,high,review_required,C:\Users\123\OneDrive\桌面\單字庫\高中英文單字_第六級.md,808
fa995e5ae47e31fc,skim (v./n.),略讀；掠過；撇去浮沫,high_school,noun/verb,,,,,,55,ai_initial:gpt-6-luna,"The verb is common but has several distinct senses, so learners need context to identify the intended meaning.",,,high,review_required,C:\Users\123\OneDrive\桌面\單字庫\高中英文單字_第六級.md,814
66d21006013532be,slash (v./n.),砍砍切；大幅削減；斜線符號,high_school,noun/verb,,,,,,55,ai_initial:gpt-6-luna,"Common word, but its cutting, reduction, and punctuation senses may require context to distinguish.",,,high,review_required,C:\Users\123\OneDrive\桌面\單字庫\高中英文單字_第六級.md,816
8d4c9161aab2a5ef,snore (v./n.),打鼾；鼾聲,high_school,noun/verb,,,,,,20,ai_initial:gpt-6-luna,"A common, concrete word with a straightforward meaning.",,,high,review_required,C:\Users\123\OneDrive\桌面\單字庫\高中英文單字_第六級.md,827
5994411bb266bde0,spacecraft / spaceship,太空船；航天器,high_school,noun,,,,,,45,ai_initial:gpt-6-luna,"A familiar compound for many learners, especially through science fiction, but less common in everyday conversation.",,,high,review_required,C:\Users\123\OneDrive\桌面\單字庫\高中英文單字_第六級.md,840
39ce87de23c6fdc6,span,跨度；跨越；橫跨時段,high_school,noun/verb,,B2,CEFR-J vocabulary profile 1.5 (lemma/POS proxy; not sense-aligned),,,55,ai_initial:gpt-6-luna,"A familiar but somewhat versatile word used for distances and periods, or for extending across them.",,,high,review_required,C:\Users\123\OneDrive\桌面\單字庫\高中英文單字_第六級.md,841
a6ba6025c7f786da,spiral (adj./n./v.),螺旋形狀的；螺旋急遽上升/下降,high_school,adjective,,,,,,45,ai_initial:gpt-6-luna,"The spiral-shaped sense is fairly familiar, though spiral is also used in less literal senses.",,,high,review_required,C:\Users\123\OneDrive\桌面\單字庫\高中英文單字_第六級.md,844
1fe98ed53f669ae7,spokesperson / spokesman / spokeswoman,發言人,high_school,noun,,,,,,35,ai_initial:gpt-6-luna,"A common, fairly transparent word for someone who speaks on behalf of a person or organization.",,,high,review_required,C:\Users\123\OneDrive\桌面\單字庫\高中英文單字_第六級.md,846
6aa9a1ed75851065,spur (v./n.),激勵；鞭策；馬刺,high_school,noun/verb,,,,,,55,ai_initial:gpt-6-luna,A fairly common word with a concrete noun sense and a less literal motivating verb sense.,,,high,review_required,C:\Users\123\OneDrive\桌面\單字庫\高中英文單字_第六級.md,851
e95eeacec6e47fea,stagger (v./n.),搖晃蹣跚；使震驚錯愕,high_school,verb,,,,,,50,ai_initial:gpt-6-luna,"A fairly common verb, though its physical and figurative senses may be confused.",,,high,review_required,C:\Users\123\OneDrive\桌面\單字庫\高中英文單字_第六級.md,853
18bc46161c9d5954,stray (adj./v./n.),走失流浪的；偏離；流浪動物,high_school,adjective/noun/verb,,,,,,50,ai_initial:gpt-6-luna,"A fairly common word, though its meanings vary by part of speech.",,,high,review_required,C:\Users\123\OneDrive\桌面\單字庫\高中英文單字_第六級.md,866
97902177f60a03e7,stride,大步邁進；大步跨步；進步大進展,high_school,noun/verb,,B2,CEFR-J vocabulary profile 1.5 (lemma/POS proxy; not sense-aligned),,,60,ai_initial:gpt-6-luna,A moderately uncommon word; its figurative sense of making substantial progress is less familiar than its literal sense.,,,high,review_required,C:\Users\123\OneDrive\桌面\單字庫\高中英文單字_第六級.md,867
b081249fedf99345,subordinate (adj./n./v.),次要下級的；下屬；使服從,high_school,adjective/noun/verb,,,,,,65,ai_initial:gpt-6-luna,"A moderately advanced word with related adjective, noun, and verb senses.",,,high,review_required,C:\Users\123\OneDrive\桌面\單字庫\高中英文單字_第六級.md,873
c1a1167a313f7cb2,subscribe,訂閱；定期捐款；贊同,high_school,verb,,,,,,50,ai_initial:gpt-6-luna,"A common verb, though its different uses—such as subscribing to a publication, donating regularly, or agreeing with an idea—require some context.",,,high,review_required,C:\Users\123\OneDrive\桌面\單字庫\高中英文單字_第六級.md,874
5dbd1fbdceb5a231,summon,傳喚；召集；鼓起勇氣,high_school,verb,,,,,,65,ai_initial:gpt-6-luna,“Summon” is a moderately advanced verb; the sense “鼓起勇氣” is clear in this example.,,,high,review_required,C:\Users\123\OneDrive\桌面\單字庫\高中英文單字_第六級.md,881
b73803f1cb8b6a94,suppress (v./n.),鎮壓壓制；抑制忍住,high_school,verb,,,,,,60,ai_initial:gpt-6-luna,"A fairly common verb, but its meanings of forcefully controlling something and holding back a reaction can be nuanced.",,,high,review_required,C:\Users\123\OneDrive\桌面\單字庫\高中英文單字_第六級.md,887
3df44251b08df319,swamp,沼澤；淹沒；使應接不暇,high_school,noun/verb,,,,,,60,ai_initial:gpt-6-luna,"A fairly common word, but its noun and figurative verb senses may be unfamiliar to many learners.",,,high,review_required,C:\Users\123\OneDrive\桌面\單字庫\高中英文單字_第六級.md,894
c2360b88cfd1a280,symbolize,象徵；代表,high_school,verb,,,,,,50,ai_initial:gpt-6-luna,"A moderately familiar verb, often used to describe something representing an idea or quality.",,,high,review_required,C:\Users\123\OneDrive\桌面\單字庫\高中英文單字_第六級.md,896
cb3e4e404523a59b,tan (n./adj./v.),曬黑古銅色；曬成棕褐色,high_school,verb,,,,,,35,ai_initial:gpt-6-luna,A common verb for becoming brown from exposure to the sun.,,,high,review_required,C:\Users\123\OneDrive\桌面\單字庫\高中英文單字_第六級.md,903
a1559b2c545b0fb9,tropic,回歸線；熱帶熱帶地區的,high_school,adjective/noun,,B2,CEFR-J vocabulary profile 1.5 (lemma/POS proxy; not sense-aligned),,,65,ai_initial:gpt-6-luna,"The noun meaning “回歸線” is identifiable, but the combined gloss also suggests an adjectival sense that is less clear.",A tropic marks the northern or southern limit of the Sun’s apparent path.,回歸線標示太陽視運行路徑的北界或南界。,medium,review_required,C:\Users\123\OneDrive\桌面\單字庫\高中英文單字_第六級.md,928
198af531d45433ba,tuck (v./n.),塞入收攏；摺起捲起,high_school,verb,,,,,,40,ai_initial:gpt-6-luna,"A common verb, though this sense of putting or folding something neatly into place may require context.",,,high,review_required,C:\Users\123\OneDrive\桌面\單字庫\高中英文單字_第六級.md,931
0754843f24e71a55,underestimate (v./n.),低估；看輕看小,high_school,verb,,,,,,40,ai_initial:gpt-6-luna,"A fairly common word with a transparent meaning, though it is less basic than everyday vocabulary.",,,high,review_required,C:\Users\123\OneDrive\桌面\單字庫\高中英文單字_第六級.md,937
a49ec49db2bba11f,underneath (prep./adv./n./adj.),在...下面底部；底面,high_school,noun,,,,,,40,ai_initial:gpt-6-luna,A fairly common word; using it as a noun for a bottom surface is less familiar than its use as a preposition.,,,high,review_required,C:\Users\123\OneDrive\桌面\單字庫\高中英文單字_第六級.md,938
83fea33f6fa80601,upright (adv./adj./n.),挺直挺立的；正直誠實的,high_school,adjective,,,,,,40,ai_initial:gpt-6-luna,A fairly common adjective meaning standing straight; its sense of being honest is also useful but somewhat more abstract.,,,high,review_required,C:\Users\123\OneDrive\桌面\單字庫\高中英文單字_第六級.md,944
a8470a9a84a6390e,upward / upwards,向上地朝上,high_school,adverb,,,,,,35,ai_initial:gpt-6-luna,"A common directional adverb, though less basic than “up.”",,,high,review_required,C:\Users\123\OneDrive\桌面\單字庫\高中英文單字_第六級.md,947
774a090a7ed44bd9,usher (v./n.),引導引座員；引領導引迎接,high_school,noun/verb,,,,,,65,ai_initial:gpt-6-luna,“Usher” is a less common word; its verb sense of guiding or leading someone is clear from the supplied Chinese meaning.,,,medium,review_required,C:\Users\123\OneDrive\桌面\單字庫\高中英文單字_第六級.md,949
f2bf6e9ef9194c9c,utensil,器皿廚具用具,high_school,noun,,,,,,40,ai_initial:gpt-6-luna,"A concrete household word, but less common than basic words for kitchen tools.",,,high,review_required,C:\Users\123\OneDrive\桌面\單字庫\高中英文單字_第六級.md,950
a6a455b1f2126bc0,utter (adj./v.),完全徹底的；發出聲說出,high_school,adjective/verb,,,,,,60,ai_initial:gpt-6-luna,Both the emphatic adjective sense (“complete”) and the verb sense (“say aloud”) are somewhat advanced and depend on context.,,,high,review_required,C:\Users\123\OneDrive\桌面\單字庫\高中英文單字_第六級.md,951
682806f9747d9f65,veterinarian / vet,獸醫師；獸醫,high_school,noun,,,,,,35,ai_initial:gpt-6-luna,"The meaning is concrete and easy to understand, though “veterinarian” is less common and longer than “vet.”",,,high,review_required,C:\Users\123\OneDrive\桌面\單字庫\高中英文單字_第六級.md,959
db5d5c1b877daf34,wag (v./n.),搖擺擺動（尾巴等）,high_school,noun/verb,,,,,,35,ai_initial:gpt-6-luna,"A fairly common word, especially in the familiar context of a dog moving its tail.",,,high,review_required,C:\Users\123\OneDrive\桌面\單字庫\高中英文單字_第六級.md,977
80f68eb55694476e,ward,病房牢房被監護人；避開避退,high_school,noun/verb,,B1,CEFR-J vocabulary profile 1.5 (lemma/POS proxy; not sense-aligned),,,60,ai_initial:gpt-6-luna,"The Chinese gloss combines several distinct noun senses and a verb sense, so the intended meaning is unclear.",,,low,review_required,C:\Users\123\OneDrive\桌面\單字庫\高中英文單字_第六級.md,979
ead095cf62afb2dc,waterproof (adj./v.),防水不透水的；使防水處理,high_school,adjective/verb,,,,,,35,ai_initial:gpt-6-luna,"The meaning is fairly transparent from “water” and “proof,” though the verb use may be less familiar.",,,high,review_required,C:\Users\123\OneDrive\桌面\單字庫\高中英文單字_第六級.md,983
9bd172e1dd22e98c,weary (adj./v.),疲憊疲勞的；使疲憊疲倦,high_school,adjective/verb,,,,,,55,ai_initial:gpt-6-luna,“Weary” is a moderately familiar word meaning very tired; its verb use is less common.,,,high,review_required,C:\Users\123\OneDrive\桌面\單字庫\高中英文單字_第六級.md,984
8da64a31329623b3,whiskey / whisky,威士忌酒,high_school,noun,,,,,,35,ai_initial:gpt-6-luna,威士忌是常見飲品名稱，理解這個意思通常不需要專業知識。,,,high,review_required,C:\Users\123\OneDrive\桌面\單字庫\高中英文單字_第六級.md,986
6bd994a7a3f6b224,wholesale (adj./adv./n./v.),批發大量的大規模銷售；批發的,high_school,adjective,,,,,,50,ai_initial:gpt-6-luna,A moderately common business term meaning sold in bulk to retailers rather than directly to consumers.,,,high,review_required,C:\Users\123\OneDrive\桌面\單字庫\高中英文單字_第六級.md,987
13f726bc3219da89,wrestle (v./n.),摔角格鬥角力奮力搏鬥,high_school,noun/verb,,,,,,55,ai_initial:gpt-6-luna,A less common word for wrestling or physically struggling with someone.,,,high,review_required,C:\Users\123\OneDrive\桌面\單字庫\高中英文單字_第六級.md,994
ede65d393d98a894,zoom (v./n.),急速移動變焦放大鏡頭縮放,high_school,noun/verb,,,,,,35,ai_initial:gpt-6-luna,"“Zoom” is a familiar verb for moving or enlarging a camera view, though the supplied senses are combined.",,,medium,review_required,C:\Users\123\OneDrive\桌面\單字庫\高中英文單字_第六級.md,999
1ec0684c9707a907,absorb,吸收、理解、吸引（注意力）,high_school,verb,,B1,CEFR-J vocabulary profile 1.5 (lemma/POS proxy; not sense-aligned),,,55,ai_initial:gpt-6-luna,"A common verb, but understanding its different figurative senses takes some familiarity with context.",,,high,review_required,C:\Users\123\OneDrive\桌面\單字庫\高中英文單字_第四級.md,8
1d30441a225a550a,accompany,陪伴、伴隨、伴奏,high_school,verb,,B1,CEFR-J vocabulary profile 1.5 (lemma/POS proxy; not sense-aligned),,,45,ai_initial:gpt-6-luna,A common verb for going with or staying with someone; the supplied senses are familiar but include several uses.,,,high,review_required,C:\Users\123\OneDrive\桌面\單字庫\高中英文單字_第四級.md,15
ced3c6c058b27a29,accuse,控告、指責、告發,high_school,verb,,B1,CEFR-J vocabulary profile 1.5 (lemma/POS proxy; not sense-aligned),,,55,ai_initial:gpt-6-luna,"A fairly common verb, though its accusation sense and the “accuse someone of” construction may require some learning.",,,high,review_required,C:\Users\123\OneDrive\桌面\單字庫\高中英文單字_第四級.md,20
9ed1e5e7156d467a,acquire,取得、獲得、學會,high_school,verb,,B1,CEFR-J vocabulary profile 1.5 (lemma/POS proxy; not sense-aligned),,,55,ai_initial:gpt-6-luna,A moderately advanced verb meaning to obtain or learn something.,,,high,review_required,C:\Users\123\OneDrive\桌面\單字庫\高中英文單字_第四級.md,23
53c2fa70aa105fbe,ancestor,祖先、祖宗、原型,high_school,noun,,A2,CEFR-J vocabulary profile 1.5 (lemma/POS proxy; not sense-aligned),,,40,ai_initial:gpt-6-luna,"A familiar family-history term, though less common in everyday conversation than basic kinship words.",,,high,review_required,C:\Users\123\OneDrive\桌面\單字庫\高中英文單字_第四級.md,48
060b359552646242,appoint,任命、指定、約定,high_school,verb,,B1,CEFR-J vocabulary profile 1.5 (lemma/POS proxy; not sense-aligned),,,55,ai_initial:gpt-6-luna,"Common verb, but its formal use for assigning someone to a role may be less familiar to learners.",,,high,review_required,C:\Users\123\OneDrive\桌面\單字庫\高中英文單字_第四級.md,57
ec2d66fcbe12579b,boast,自誇、吹噓、擁有；自誇之詞,high_school,noun/verb,,B1,CEFR-J vocabulary profile 1.5 (lemma/POS proxy; not sense-aligned),,,55,ai_initial:gpt-6-luna,"A moderately challenging word, with the sense of proudly having or possessing something less immediately obvious than its sense of bragging.",,,high,review_required,C:\Users\123\OneDrive\桌面\單字庫\高中英文單字_第四級.md,111
a3ed5271d183fbeb,bridegroom / groom,新郎,high_school,noun,,,,,,45,ai_initial:gpt-6-luna,"“Bridegroom” means 新郎, though it is less common than “groom” in this sense.",,,high,review_required,C:\Users\123\OneDrive\桌面\單字庫\高中英文單字_第四級.md,116
5deae32f160efc50,calorie,卡路里（熱量單位）,high_school,noun,,,,,,30,ai_initial:gpt-6-luna,A common everyday word for a unit used to measure the energy in food.,,,high,review_required,C:\Users\123\OneDrive\桌面\單字庫\高中英文單字_第四級.md,125
d4f54c6562ea965f,carve,雕刻、切開（肉）,high_school,verb,,B2,CEFR-J vocabulary profile 1.5 (lemma/POS proxy; not sense-aligned),,,55,ai_initial:gpt-6-luna,A moderately familiar verb with distinct senses for shaping material and cutting meat.,,,high,review_required,C:\Users\123\OneDrive\桌面\單字庫\高中英文單字_第四級.md,135
1df8da2896c90810,cherish,珍愛、珍惜、懷抱（希望）,high_school,verb,,B1,CEFR-J vocabulary profile 1.5 (lemma/POS proxy; not sense-aligned),,,60,ai_initial:gpt-6-luna,Less common and more literary than everyday words for valuing or hoping.,,,high,review_required,C:\Users\123\OneDrive\桌面\單字庫\高中英文單字_第四級.md,145
86a43b61e65ee1b6,chew,咀嚼、細想,high_school,noun/verb,,B2,CEFR-J vocabulary profile 1.5 (lemma/POS proxy; not sense-aligned),,,45,ai_initial:gpt-6-luna,"The concrete sense is common and straightforward, while the figurative sense of thinking something over is less familiar.",,,high,review_required,C:\Users\123\OneDrive\桌面\單字庫\高中英文單字_第四級.md,146
15f35fd8bd255d66,civilian,平民的；平民、百姓,high_school,adjective/noun,,,,,,55,ai_initial:gpt-6-luna,"An intermediate word, often encountered in news and contexts involving the military.",,,high,review_required,C:\Users\123\OneDrive\桌面\單字庫\高中英文單字_第四級.md,153
71db428df6a4eb96,clarify,澄清、闡明、使純淨,high_school,verb,,B2,CEFR-J vocabulary profile 1.5 (lemma/POS proxy; not sense-aligned),,,55,ai_initial:gpt-6-luna,"A moderately advanced verb, especially when used to mean making something clear or pure.",,,high,review_required,C:\Users\123\OneDrive\桌面\單字庫\高中英文單字_第四級.md,155
045f7e066f32d0bd,complicate,使複雜、使惡化,high_school,verb,,B1,CEFR-J vocabulary profile 1.5 (lemma/POS proxy; not sense-aligned),,,55,ai_initial:gpt-6-luna,A common verb meaning to make something more complex or difficult; the sense is fairly clear from context.,,,high,review_required,C:\Users\123\OneDrive\桌面\單字庫\高中英文單字_第四級.md,177
d591335297b262df,consequence,結果、後果、重要性,high_school,noun,,A2,CEFR-J vocabulary profile 1.5 (lemma/POS proxy; not sense-aligned),,,55,ai_initial:gpt-6-luna,"A moderately familiar abstract noun; its meanings include results or effects, and importance.",,,high,review_required,C:\Users\123\OneDrive\桌面\單字庫\高中英文單字_第四級.md,195
68e896d56f9814db,consist,由...組成、在於,high_school,verb,,A2,CEFR-J vocabulary profile 1.5 (lemma/POS proxy; not sense-aligned),,,50,ai_initial:gpt-6-luna,"The verb is fairly common, but the sense “在於” and its use with “in” may be less familiar to learners.",,,high,review_required,C:\Users\123\OneDrive\桌面\單字庫\高中英文單字_第四級.md,198
7054af4a0f395ef7,consult,請教、諮詢、查閱,high_school,verb,,B2,CEFR-J vocabulary profile 1.5 (lemma/POS proxy; not sense-aligned),,,45,ai_initial:gpt-6-luna,A moderately advanced verb used for seeking advice or looking up information.,,,high,review_required,C:\Users\123\OneDrive\桌面\單字庫\高中英文單字_第四級.md,205
a71ff016d77b1959,converse,交談、對話,high_school,verb,,,,,,65,ai_initial:gpt-6-luna,“Converse” meaning to talk with someone is less common and more formal than “talk.”,,,high,review_required,C:\Users\123\OneDrive\桌面\單字庫\高中英文單字_第四級.md,223
e539266f5f0a9c3a,convey,傳達、表達、載運,high_school,verb,,B1,CEFR-J vocabulary profile 1.5 (lemma/POS proxy; not sense-aligned),,,60,ai_initial:gpt-6-luna,"The communication sense is clear, though convey is less common and more formal than everyday alternatives such as say or tell.",,,high,review_required,C:\Users\123\OneDrive\桌面\單字庫\高中英文單字_第四級.md,224
b9c057c1934abd6a,convince,說服、使確信,high_school,verb,,B1,CEFR-J vocabulary profile 1.5 (lemma/POS proxy; not sense-aligned),,,45,ai_initial:gpt-6-luna,A common verb for persuading someone or making them certain of something.,,,high,review_required,C:\Users\123\OneDrive\桌面\單字庫\高中英文單字_第四級.md,225
bc5e83435b8d5c22,criticize,批評、指責、評論,high_school,verb,,,,,,35,ai_initial:gpt-6-luna,A common verb for expressing disapproval or evaluating something critically.,,,high,review_required,C:\Users\123\OneDrive\桌面\單字庫\高中英文單字_第四級.md,248
6546fbc8012862a3,curse,詛咒、咒罵；咒罵,high_school,noun/verb,,A2,CEFR-J vocabulary profile 1.5 (lemma/POS proxy; not sense-aligned),,,40,ai_initial:gpt-6-luna,常見的動詞和名詞，表示詛咒或咒罵；此義不難理解，但用法略有多樣。,,,high,review_required,C:\Users\123\OneDrive\桌面\單字庫\高中英文單字_第四級.md,257
0393395d20bded76,defeat,擊敗、挫敗；戰勝、使落空,high_school,noun/verb,,,,,,35,ai_initial:gpt-6-luna,"A common word for beating an opponent, though it has both noun and verb uses.",,,high,review_required,C:\Users\123\OneDrive\桌面\單字庫\高中英文單字_第四級.md,264
7c1aa5cb408759cc,defend,防守、防禦、辯護,high_school,verb,,B1,CEFR-J vocabulary profile 1.5 (lemma/POS proxy; not sense-aligned),,,45,ai_initial:gpt-6-luna,A common verb with related senses of protecting someone or something and arguing in support of them.,,,high,review_required,C:\Users\123\OneDrive\桌面\單字庫\高中英文單字_第四級.md,265
4e1f21c4382305d1,delight,欣喜、樂趣；使高興,high_school,noun/verb,,,,,,40,ai_initial:gpt-6-luna,"A familiar word, though learners may need to recognize both its noun and verb uses.",,,high,review_required,C:\Users\123\OneDrive\桌面\單字庫\高中英文單字_第四級.md,271
88e5bbd7b974a789,deserve,應得、值得、該受,high_school,verb,,B1,CEFR-J vocabulary profile 1.5 (lemma/POS proxy; not sense-aligned),,,40,ai_initial:gpt-6-luna,A common verb used to say someone should receive something because of their actions or qualities.,,,high,review_required,C:\Users\123\OneDrive\桌面\單字庫\高中英文單字_第四級.md,281
d04d5fe99b464cc6,devise,設計、策劃、發明,high_school,verb,,,,,,60,ai_initial:gpt-6-luna,A moderately advanced verb meaning to plan or create something through careful thought.,,,high,review_required,C:\Users\123\OneDrive\桌面\單字庫\高中英文單字_第四級.md,288
63c9f67f3a8789ba,dew,露水、朝氣,high_school,noun,,,,,,15,ai_initial:gpt-6-luna,「露水」是常見義，但無法確認「朝氣」是否為此詞在此處的預期義。,,,low,review_required,C:\Users\123\OneDrive\桌面\單字庫\高中英文單字_第四級.md,290
719b546606b6b108,discourage,使沮喪、勸阻、打消念頭,high_school,verb,,B1,CEFR-J vocabulary profile 1.5 (lemma/POS proxy; not sense-aligned),,,55,ai_initial:gpt-6-luna,A fairly common verb with related meanings of lowering someone’s spirits or persuading them not to act.,,,high,review_required,C:\Users\123\OneDrive\桌面\單字庫\高中英文單字_第四級.md,304
7899a500fbd660c2,dismiss,解僱、解散、摒除/不考慮,high_school,verb,,B2,CEFR-J vocabulary profile 1.5 (lemma/POS proxy; not sense-aligned),,,60,ai_initial:gpt-6-luna,"A fairly common verb, but its several distinct senses can make it harder to understand precisely.",,,high,review_required,C:\Users\123\OneDrive\桌面\單字庫\高中英文單字_第四級.md,308
9d33c7732db05310,dominate,支配、主導、俯瞰,high_school,verb,,B2,CEFR-J vocabulary profile 1.5 (lemma/POS proxy; not sense-aligned),,,65,ai_initial:gpt-6-luna,"A common verb, but its figurative and spatial senses can be difficult to distinguish.",,,high,review_required,C:\Users\123\OneDrive\桌面\單字庫\高中英文單字_第四級.md,324
0fc117c62491bcce,entertain,款待、娛樂、抱有（想法）,high_school,verb,,B1,CEFR-J vocabulary profile 1.5 (lemma/POS proxy; not sense-aligned),,,60,ai_initial:gpt-6-luna,"The verb has several distinct senses, and using it to mean holding or considering an idea is less transparent than its everyday uses.",,,high,review_required,C:\Users\123\OneDrive\桌面\單字庫\高中英文單字_第四級.md,366
48a70f8453937d34,expose,暴露、揭露、使接觸,high_school,verb,,B1,CEFR-J vocabulary profile 1.5 (lemma/POS proxy; not sense-aligned),,,55,ai_initial:gpt-6-luna,"A common verb, though distinguishing its related senses takes some practice.",,,high,review_required,C:\Users\123\OneDrive\桌面\單字庫\高中英文單字_第四級.md,393
abd1775ad57a9cc3,extend,延伸、擴大、提供、延長,high_school,verb,,B1,CEFR-J vocabulary profile 1.5 (lemma/POS proxy; not sense-aligned),,,40,ai_initial:gpt-6-luna,"A common verb; its meanings vary by context, but the supplied senses are generally accessible to intermediate learners.",,,high,review_required,C:\Users\123\OneDrive\桌面\單字庫\高中英文單字_第四級.md,395
bde9003d23b0cc83,feast,盛宴、宴會；盡情享用,high_school,noun/verb,,B1,CEFR-J vocabulary profile 1.5 (lemma/POS proxy; not sense-aligned),,,45,ai_initial:gpt-6-luna,A familiar word for a large celebratory meal; its verb sense of eating or enjoying plenty is less basic.,,,high,review_required,C:\Users\123\OneDrive\桌面\單字庫\高中英文單字_第四級.md,407
2bc669ffdccde87d,flatter,諂媚、奉承、使顯得好看,high_school,verb,,,,,,50,ai_initial:gpt-6-luna,A familiar verb with both social and appearance-related senses; the supplied meaning includes an idiomatic use.,,,high,review_required,C:\Users\123\OneDrive\桌面\單字庫\高中英文單字_第四級.md,417
e6a4cad2adffe6b6,frame,框架、骨架；給...裝框、陷害,high_school,noun/verb,,,,,,60,ai_initial:gpt-6-luna,"A common word, but its distinct noun and verb senses may be confusing for learners.",,,high,review_required,C:\Users\123\OneDrive\桌面\單字庫\高中英文單字_第四級.md,434
491107aa7de9a309,frown,皺眉；皺眉表示不滿,high_school,noun/verb,,,,,,30,ai_initial:gpt-6-luna,A fairly familiar word for a facial expression that can also show displeasure.,,,high,review_required,C:\Users\123\OneDrive\桌面\單字庫\高中英文單字_第四級.md,438
a28585b113c12ad4,horrify,使恐懼、使毛骨悚然、使極其震驚,high_school,verb,,B1,CEFR-J vocabulary profile 1.5 (lemma/POS proxy; not sense-aligned),,,65,ai_initial:gpt-6-luna,A less common verb for causing intense fear or shock; the meaning is clear from context.,,,high,review_required,C:\Users\123\OneDrive\桌面\單字庫\高中英文單字_第四級.md,500
8a45d15cb4937567,identify,認出、識別、視為相同,high_school,verb,,B2,CEFR-J vocabulary profile 1.5 (lemma/POS proxy; not sense-aligned),,,40,ai_initial:gpt-6-luna,"Common verb, though its different related senses may require context.",,,high,review_required,C:\Users\123\OneDrive\桌面\單字庫\高中英文單字_第四級.md,510
1745c6a96b155d21,injure,傷害、損害、使受傷,high_school,verb,,A2,CEFR-J vocabulary profile 1.5 (lemma/POS proxy; not sense-aligned),,,30,ai_initial:gpt-6-luna,"A fairly common verb with a clear meaning, though less basic than “hurt.”",,,high,review_required,C:\Users\123\OneDrive\桌面\單字庫\高中英文單字_第四級.md,540
d9aeffd3544db503,install,安裝、安置、使就職,high_school,verb,,,,,,45,ai_initial:gpt-6-luna,常見動詞；「安裝」很常用，而「安置、使就職」等用法需要依語境理解。,,,high,review_required,C:\Users\123\OneDrive\桌面\單字庫\高中英文單字_第四級.md,546
275ee8b30f5b2e0b,interpret,解釋、詮釋、口譯,high_school,verb,,B2,CEFR-J vocabulary profile 1.5 (lemma/POS proxy; not sense-aligned),,,55,ai_initial:gpt-6-luna,"A fairly common verb, though its meanings and uses vary by context.",,,high,review_required,C:\Users\123\OneDrive\桌面\單字庫\高中英文單字_第四級.md,563
ce8f1cc68da2c1be,isolate,隔離、孤立、使脫離,high_school,verb,,,,,,55,ai_initial:gpt-6-luna,"A moderately challenging verb, often used to describe separating someone or something from others.",,,high,review_required,C:\Users\123\OneDrive\桌面\單字庫\高中英文單字_第四級.md,575
4ff84d749e414510,memorize,背誦、熟記,high_school,verb,,,,,,25,ai_initial:gpt-6-luna,A common verb for learning something so you can recall it from memory.,,,high,review_required,C:\Users\123\OneDrive\桌面\單字庫\高中英文單字_第四級.md,633
5bd39f9ada31a218,mineral,礦物、礦物質,high_school,noun,,B1,CEFR-J vocabulary profile 1.5 (lemma/POS proxy; not sense-aligned),,,50,ai_initial:gpt-6-luna,"A moderately familiar word, though its scientific sense may be less common in everyday conversation.",,,high,review_required,C:\Users\123\OneDrive\桌面\單字庫\高中英文單字_第四級.md,645
d3d17588b09c127c,misunderstand,誤會、誤解,high_school,verb,,B2,CEFR-J vocabulary profile 1.5 (lemma/POS proxy; not sense-aligned),,,35,ai_initial:gpt-6-luna,A common verb for interpreting someone or something incorrectly.,,,high,review_required,C:\Users\123\OneDrive\桌面\單字庫\高中英文單字_第四級.md,653
f7881d7d4e0aa2b8,motivate,激勵、激發、使產生動機,high_school,verb,,B1,CEFR-J vocabulary profile 1.5 (lemma/POS proxy; not sense-aligned),,,45,ai_initial:gpt-6-luna,A fairly common verb for encouraging someone or giving them a reason to act; its abstract meaning may take some learning.,,,high,review_required,C:\Users\123\OneDrive\桌面\單字庫\高中英文單字_第四級.md,660
1c404e648a7d16cb,neglect,疏忽、忽視、怠慢,high_school,noun/verb,,B2,CEFR-J vocabulary profile 1.5 (lemma/POS proxy; not sense-aligned),,,60,ai_initial:gpt-6-luna,"A fairly common word, but its formal tone and range of related uses add some difficulty.",,,high,review_required,C:\Users\123\OneDrive\桌面\單字庫\高中英文單字_第四級.md,673
02e02b0b5e592b95,obtain,獲得、得到、買到,high_school,verb,,B1,CEFR-J vocabulary profile 1.5 (lemma/POS proxy; not sense-aligned),,,45,ai_initial:gpt-6-luna,"A fairly common verb for acquiring or getting something, though it is more formal than “get.”",,,high,review_required,C:\Users\123\OneDrive\桌面\單字庫\高中英文單字_第四級.md,690
4d6461f5cd575152,occupy,佔用、佔據、佔領,high_school,verb,,B1,CEFR-J vocabulary profile 1.5 (lemma/POS proxy; not sense-aligned),,,55,ai_initial:gpt-6-luna,"A fairly common verb, though its several related senses may require context.",,,high,review_required,C:\Users\123\OneDrive\桌面\單字庫\高中英文單字_第四級.md,693
d8c766181f13bddd,orbit,運行軌道；繞軌道運行,high_school,noun/verb,,B1,CEFR-J vocabulary profile 1.5 (lemma/POS proxy; not sense-aligned),,,45,ai_initial:gpt-6-luna,"A common word, though its astronomical sense may be less familiar to some learners.",,,high,review_required,C:\Users\123\OneDrive\桌面\單字庫\高中英文單字_第四級.md,700
78b0d022950d0dc2,overlook,忽視、漏看、居高俯瞰,high_school,verb,,B2,CEFR-J vocabulary profile 1.5 (lemma/POS proxy; not sense-aligned),,,50,ai_initial:gpt-6-luna,A common verb with several distinct senses; the example uses the sense「漏看」.,,,high,review_required,C:\Users\123\OneDrive\桌面\單字庫\高中英文單字_第四級.md,710
68a738b5eaed7348,parachute,降落傘；跳傘、空投,high_school,noun/verb,,B1,CEFR-J vocabulary profile 1.5 (lemma/POS proxy; not sense-aligned),,,45,ai_initial:gpt-6-luna,"The parachute is a familiar object, while the verb sense of dropping supplies by parachute is less common.",,,high,review_required,C:\Users\123\OneDrive\桌面\單字庫\高中英文單字_第四級.md,716
b3e8ddbca2694e48,peer,同儕、同輩；凝視、仔細看,high_school,noun/verb,,B2,CEFR-J vocabulary profile 1.5 (lemma/POS proxy; not sense-aligned),,,55,ai_initial:gpt-6-luna,"The word is fairly familiar, but its different noun and verb senses can be confusing.",,,medium,review_required,C:\Users\123\OneDrive\桌面\單字庫\高中英文單字_第四級.md,726
aac9b0b5306e3550,perfume,香水；散發香氣、灑香水於,high_school,noun/verb,,A2,CEFR-J vocabulary profile 1.5 (lemma/POS proxy; not sense-aligned),,,40,ai_initial:gpt-6-luna,"The noun is familiar, while the verb sense is less common.",,,high,review_required,C:\Users\123\OneDrive\桌面\單字庫\高中英文單字_第四級.md,731
0ad960a858be694b,polish,擦亮劑、優雅；擦亮、潤飾磨練,high_school,noun/verb,,B2,CEFR-J vocabulary profile 1.5 (lemma/POS proxy; not sense-aligned),,,55,ai_initial:gpt-6-luna,"The verb meaning ‘refine or improve’ is fairly familiar, but the noun senses and multiple meanings may be less familiar to learners.",,,medium,review_required,C:\Users\123\OneDrive\桌面\單字庫\高中英文單字_第四級.md,752
ec067e5836b07a31,protest,抗議、抗辯；提出抗議反對,high_school,noun/verb,,,,,,40,ai_initial:gpt-6-luna,"A common word with a clear, widely used sense of expressing opposition.",,,high,review_required,C:\Users\123\OneDrive\桌面\單字庫\高中英文單字_第四級.md,789
3b4c80df23ad2052,pursue,追逐、追求、從事追捕,high_school,verb,,A2,CEFR-J vocabulary profile 1.5 (lemma/POS proxy; not sense-aligned),,,60,ai_initial:gpt-6-luna,A moderately common verb with several related meanings; the sense of actively chasing someone can be harder to recognize than basic everyday verbs.,,,high,review_required,C:\Users\123\OneDrive\桌面\單字庫\高中英文單字_第四級.md,797
db11e7caff63bf5c,reflect,反射、反映顯現、沉思反省,high_school,verb,,A2,CEFR-J vocabulary profile 1.5 (lemma/POS proxy; not sense-aligned),,,55,ai_initial:gpt-6-luna,"The verb is common, but understanding its different senses—reflecting light, showing a quality, and thinking carefully—requires some context.",,,high,review_required,C:\Users\123\OneDrive\桌面\單字庫\高中英文單字_第四級.md,818
d9d9b66403c9a404,regulate,管制規範、調節調節控制,high_school,verb,,B2,CEFR-J vocabulary profile 1.5 (lemma/POS proxy; not sense-aligned),,,60,ai_initial:gpt-6-luna,A moderately advanced verb for controlling or setting rules for an activity.,,,high,review_required,C:\Users\123\OneDrive\桌面\單字庫\高中英文單字_第四級.md,827
e2afd7e3fd16376a,remark,談論言論、評論評論；談及說起,high_school,noun/verb,,,,,,45,ai_initial:gpt-6-luna,A fairly common word; the verb meaning “談及、說起” is moderately familiar to English learners.,,,high,review_required,C:\Users\123\OneDrive\桌面\單字庫\高中英文單字_第四級.md,834
9744dbb6d246848c,retain,保留保有、保持留住不忘,high_school,verb,,B1,CEFR-J vocabulary profile 1.5 (lemma/POS proxy; not sense-aligned),,,55,ai_initial:gpt-6-luna,A moderately common verb meaning to keep or continue to have something; its less common memory-related use can add difficulty.,,,high,review_required,C:\Users\123\OneDrive\桌面\單字庫\高中英文單字_第四級.md,855
1f133b3bc011c272,revise,修訂校正、修改複習功課,high_school,verb,,B1,CEFR-J vocabulary profile 1.5 (lemma/POS proxy; not sense-aligned),,,40,ai_initial:gpt-6-luna,A common verb for editing written work or reviewing study material; both senses are clear in the supplied Chinese meaning.,,,high,review_required,C:\Users\123\OneDrive\桌面\單字庫\高中英文單字_第四級.md,861
60937158946f4174,scold,責罵斥責、訓斥謾罵,high_school,noun/verb,,B1,CEFR-J vocabulary profile 1.5 (lemma/POS proxy; not sense-aligned),,,40,ai_initial:gpt-6-luna,"A fairly common word for reprimanding someone, though less basic than everyday verbs such as tell or warn.",,,high,review_required,C:\Users\123\OneDrive\桌面\單字庫\高中英文單字_第四級.md,877
d91ce4fec7edda92,settler,移居殖民開拓拓荒定居者,high_school,noun,,B1,CEFR-J vocabulary profile 1.5 (lemma/POS proxy; not sense-aligned),,,60,ai_initial:gpt-6-luna,"A moderately uncommon term for someone who moves to a place to establish a community, often in a colonial or pioneering context.",,,high,review_required,C:\Users\123\OneDrive\桌面\單字庫\高中英文單字_第四級.md,883
f14bf0e8822de769,spark,火花火星閃光；引發觸發激起,high_school,noun/verb,,B2,CEFR-J vocabulary profile 1.5 (lemma/POS proxy; not sense-aligned),,,40,ai_initial:gpt-6-luna,「spark」常見，表示引發或激起某事的用法也容易從語境理解。,,,high,review_required,C:\Users\123\OneDrive\桌面\單字庫\高中英文單字_第四級.md,907
dd298336711fca79,stab,刺戳捅穿、刺痛感；刺傷刺入,high_school,noun/verb,,B2,CEFR-J vocabulary profile 1.5 (lemma/POS proxy; not sense-aligned),,,55,ai_initial:gpt-6-luna,"The physical sense is fairly familiar, though stab also has several related uses and can be less straightforward as a noun.",,,high,review_required,C:\Users\123\OneDrive\桌面\單字庫\高中英文單字_第四級.md,914
c1e1d335fec8d92a,statistic(s),統計數據資料、統計學課程門類,high_school,noun,,,,,,,,,,,,review_required,C:\Users\123\OneDrive\桌面\單字庫\高中英文單字_第四級.md,915
c4239ad81b16a5b7,stripe,條紋斑紋花紋、條痕標記,high_school,noun,,B1,CEFR-J vocabulary profile 1.5 (lemma/POS proxy; not sense-aligned),,,30,ai_initial:gpt-6-luna,"A common, concrete word for a narrow line or band forming a pattern or mark.",,,high,review_required,C:\Users\123\OneDrive\桌面\單字庫\高中英文單字_第四級.md,921
71bf2ebfca6b4cdc,stroke,中風發作、撫摸撫弄、敲擊揮動打擊,high_school,noun/verb,,B2,CEFR-J vocabulary profile 1.5 (lemma/POS proxy; not sense-aligned),,,55,ai_initial:gpt-6-luna,"The word is common, but distinguishing its several unrelated senses can be challenging.",,,high,review_required,C:\Users\123\OneDrive\桌面\單字庫\高中英文單字_第四級.md,923
c793a1580b8dd4cb,tickle,搔癢逗樂、發癢感覺；抓癢搔癢動作,high_school,noun/verb,,B2,CEFR-J vocabulary profile 1.5 (lemma/POS proxy; not sense-aligned),21473,wordfreq 3.x large English combined frequency list; corpus rank (approximate),35,ai_initial:gpt-6-luna,"A fairly common word, though its related noun and verb senses may require context.",,,high,review_required,C:\Users\123\OneDrive\桌面\單字庫\高中英文單字_第四級.md,949
f27b69da62f1221f,transfer,調動轉乘轉學轉讓移轉；轉移調動轉換,high_school,noun/verb,,,,,,50,ai_initial:gpt-6-luna,"A common word, but it has several related uses across different contexts.",,,high,review_required,C:\Users\123\OneDrive\桌面\單字庫\高中英文單字_第四級.md,961
a5a4c2113b7e37f7,translate,翻譯轉化闡述詮釋、翻譯語種轉換改寫,high_school,verb,,B1,CEFR-J vocabulary profile 1.5 (lemma/POS proxy; not sense-aligned),,,30,ai_initial:gpt-6-luna,"A common verb; its language-translation sense is familiar, though its broader uses add some complexity.",,,high,review_required,C:\Users\123\OneDrive\桌面\單字庫\高中英文單字_第四級.md,963
059144667b66e6d6,tumble,跌倒摔落翻滾暴跌、混亂滾落翻跟頭,high_school,noun/verb,,B1,CEFR-J vocabulary profile 1.5 (lemma/POS proxy; not sense-aligned),,,50,ai_initial:gpt-6-luna,"A fairly common word, though its several related senses can be confusing.",,,high,review_required,C:\Users\123\OneDrive\桌面\單字庫\高中英文單字_第四級.md,972
9ae90b0da0e51d10,urge,強烈衝動渴望驅使；敦促大力催促力薦推動,high_school,noun/verb,,,,,,55,ai_initial:gpt-6-luna,"A fairly common word, though its strong meanings and verb patterns may require some learning.",,,high,review_required,C:\Users\123\OneDrive\桌面\單字庫\高中英文單字_第四級.md,975
255aebe8d78c6091,violate,違反違背侵犯干犯褻瀆妨害蹂躪法令規則,high_school,verb,,B2,CEFR-J vocabulary profile 1.5 (lemma/POS proxy; not sense-aligned),,,60,ai_initial:gpt-6-luna,"A moderately advanced verb, especially in formal contexts involving laws or rules.",,,high,review_required,C:\Users\123\OneDrive\桌面\單字庫\高中英文單字_第四級.md,983
c414ebec495ff252,witch / wizard,女巫巫婆巫師男巫法師奇才巫術術士精通者,high_school,noun,,,,,,,,,,,,review_required,C:\Users\123\OneDrive\桌面\單字庫\高中英文單字_第四級.md,997
c1d573dc86a20405,withdraw,提取提款撤退撤回退出收回撤銷免職出局,high_school,verb,,B2,CEFR-J vocabulary profile 1.5 (lemma/POS proxy; not sense-aligned),6671,wordfreq 3.x large English combined frequency list; corpus rank (approximate),60,ai_initial:gpt-6-luna,"A familiar verb, but its several distinct meanings can make it harder to understand in context.",,,high,review_required,C:\Users\123\OneDrive\桌面\單字庫\高中英文單字_第四級.md,998
f099538be41d5d79,witness,目擊者見證人作證證據；親眼目睹見證簽名確認,high_school,noun/verb,,,,,,55,ai_initial:gpt-6-luna,"A common word, though its legal and observational uses may require context.",,,high,review_required,C:\Users\123\OneDrive\桌面\單字庫\高中英文單字_第四級.md,999
3dffaa1dd40dd92f,wreck,失事殘骸毀滅破壞打擊重創受害者；毀掉弄壞破壞,high_school,noun/verb,,B2,CEFR-J vocabulary profile 1.5 (lemma/POS proxy; not sense-aligned),,,45,ai_initial:gpt-6-luna,"The verb sense meaning to destroy or badly damage is clear, though the supplied gloss combines several senses.",,,medium,review_required,C:\Users\123\OneDrive\桌面\單字庫\高中英文單字_第四級.md,1002
